projectnaam;gebied_id;kwartaal;jaar;beschrijving;einddatum_string;netbeheerder;start;eind
EHVO_2030;EHVO;;2030;Laatste inzichten;2030;Enexis;;
GENN_2032;GENN;;2032;Laatste inzichten;2032;Enexis;;
BEEK_2029;BEEK;;2029;Laatste inzichten;2029;Enexis;;
DVTB_2029;DVTB;;2029;Laatste inzichten;2029;Enexis;;
WW_2030;WW;;2030;Laatste inzichten;2030;Enexis;;
ZLW_2031;ZLW;;2031;Laatste inzichten;2031;Enexis;;
ODZ_2026;ODZ;;2026;Laatste inzichten;2026;Enexis;;
ODZ_2029;ODZ;;2029;Laatste inzichten;2029;Enexis;;
TBZ_2026;TBZ;;2026;Laatste inzichten;2026;Enexis;;
TBZ_2032;TBZ;;2032;Laatste inzichten;2032;Enexis;;
HDB_2027;HDB;;2027;Laatste inzichten;2027;Enexis;;
GNHU_2028;GNHU;;2028;Laatste inzichten;2028;Enexis;;
OL_2034;OL;;2034;Laatste inzichten;2034;Enexis;;
LUTT_2026;LUTT;;2026;Laatste inzichten;2026;Enexis;;
MZ_2028;MZ;;2028;Laatste inzichten;2028;Enexis;;
MSBT_2028;MSBT;;2028;Laatste inzichten;2028;Enexis;;
MSBT_2031;MSBT;;2031;Laatste inzichten;2031;Enexis;;
LIMM_2027;LIMM;;2027;Laatste inzichten;2027;Enexis;;
KELP_2026;KELP;;2026;Laatste inzichten;2026;Enexis;;
VLH_2032;VLH;;2032;Laatste inzichten;2032;Enexis;;
GO_2030;GO;;2030;Laatste inzichten;2030;Enexis;;
HEER_2028;HEER;;2028;Laatste inzichten;2028;Enexis;;
VH_2027;VH;;2027;Laatste inzichten;2027;Enexis;;
HRST_2030;HRST;;2030;Laatste inzichten;2030;Enexis;;
BELF_2030;BELF;;2030;Laatste inzichten;2030;Enexis;;
EMW_2030;EMW;;2030;Laatste inzichten;2030;Enexis;;
ETN_2028;ETN;;2028;Laatste inzichten;2028;Enexis;;
WSMR_2026;WSMR;;2026;Laatste inzichten;2026;Enexis;;
WSMR_2029;WSMR;;2029;Laatste inzichten;2029;Enexis;;
KZVZ_2030;KZVZ;;2030;Laatste inzichten;2030;Enexis;;
HPS_2028;HPS;;2028;Laatste inzichten;2028;Enexis;;
DTO_2028;DTO;;2028;Laatste inzichten;2028;Enexis;;
ERD_2027;ERD;;2027;Laatste inzichten;2027;Enexis;;
OTD_2031;OTD;;2031;Laatste inzichten;2031;Enexis;;
HPT_2026;HPT;;2026;Laatste inzichten;2026;Enexis;;
HPT_2032;HPT;;2032;Laatste inzichten;2032;Enexis;;
HMZ_2029;HMZ;;2029;Laatste inzichten;2029;Enexis;;
TBG_2030;TBG;;2030;Laatste inzichten;2030;Enexis;;
BUGG_2026;BUGG;;2026;Laatste inzichten;2026;Enexis;;
BUGG_2033;BUGG;;2033;Laatste inzichten;2033;Enexis;;
CALF_2030;CALF;;2030;Laatste inzichten;2030;Enexis;;
HTN_2027;HTN;;2027;Laatste inzichten;2027;Enexis;;
TERW_2029;TERW;;2029;Laatste inzichten;2029;Enexis;;
BL_2030;BL;;2030;Laatste inzichten;2030;Enexis;;
ESDW_2028;ESDW;;2028;Laatste inzichten;2028;Enexis;;
ESDW_2030;ESDW;;2030;Laatste inzichten;2030;Enexis;;
BLER_2030;BLER;;2030;Laatste inzichten;2030;Enexis;;
AMLU_2028;AMLU;;2028;Laatste inzichten;2028;Enexis;;
HTW_2030;HTW;;2030;Laatste inzichten;2030;Enexis;;
MLBK_2026;MLBK;;2026;Laatste inzichten;2026;Enexis;;
MP_2027;MP;;2027;Laatste inzichten;2027;Enexis;;
KWD_2029;KWD;;2029;Laatste inzichten;2029;Enexis;;
HBG_2028;HBG;;2028;Laatste inzichten;2028;Enexis;;
BXT_2029;BXT;;2029;Laatste inzichten;2029;Enexis;;
ZLF_2026;ZLF;;2026;Laatste inzichten;2026;Enexis;;
ZLF_2029;ZLF;;2029;Laatste inzichten;2029;Enexis;;
RT_2027;RT;;2027;Laatste inzichten;2027;Enexis;;
DVTP_2027;DVTP;;2027;Laatste inzichten;2027;Enexis;;
BORN_2028;BORN;;2028;Laatste inzichten;2028;Enexis;;
BORN_2032;BORN;;2032;Laatste inzichten;2032;Enexis;;
NVD_2030;NVD;;2030;Laatste inzichten;2030;Enexis;;
HMO_2030;HMO;;2030;Laatste inzichten;2030;Enexis;;
WRTH_2030;WRTH;;2030;Laatste inzichten;2030;Enexis;;
OMD_2028;OMD;;2028;Laatste inzichten;2028;Enexis;;
ESDM_2028;ESDM;;2028;Laatste inzichten;2028;Enexis;;
ESDM_2035;ESDM;;2035;Laatste inzichten;2035;Enexis;;
TBN_2027;TBN;;2027;Laatste inzichten;2027;Enexis;;
TBN_2030;TBN;;2030;Laatste inzichten;2030;Enexis;;
CU_2031;CU;;2031;Laatste inzichten;2031;Enexis;;
ZYV_2026;ZYV;;2026;Laatste inzichten;2026;Enexis;;
ESDV_2028;ESDV;;2028;Laatste inzichten;2028;Enexis;;
ISM_2030;ISM;;2030;Laatste inzichten;2030;Enexis;;
KP_2030;KP;;2030;Laatste inzichten;2030;Enexis;;
KP_2032;KP;;2032;Laatste inzichten;2032;Enexis;;
ESDH_2029;ESDH;;2029;Laatste inzichten;2029;Enexis;;
GNBS_2030;GNBS;;2030;Laatste inzichten;2030;Enexis;;
UD_2030;UD;;2030;Laatste inzichten;2030;Enexis;;
EHVN_2027;EHVN;;2027;Laatste inzichten;2027;Enexis;;
MRUM_2032;MRUM;;2032;Laatste inzichten;2032;Enexis;;
WDT_2027;WDT;;2027;Laatste inzichten;2027;Enexis;;
PCH_2028;PCH;;2028;Laatste inzichten;2028;Enexis;;
BOEK_2031;BOEK;;2031;Laatste inzichten;2031;Enexis;;
DDV_2028;DDV;;2028;Laatste inzichten;2028;Enexis;;
BBS_2029;BBS;;2029;Laatste inzichten;2029;Enexis;;
GLTK_2027;GLTK;;2027;Laatste inzichten;2027;Enexis;;
GLTK_2029;GLTK;;2029;Laatste inzichten;2029;Enexis;;
RSD_2029;RSD;;2029;Laatste inzichten;2029;Enexis;;
BT_2028;BT;;2028;Laatste inzichten;2028;Enexis;;
ZS_2029;ZS;;2029;Laatste inzichten;2029;Enexis;;
OS_2030;OS;;2030;Laatste inzichten;2030;Enexis;;
SBRN_2031;SBRN;;2031;Laatste inzichten;2031;Enexis;;
BD_2028;BD;;2028;Laatste inzichten;2028;Enexis;;
EHVW_2026;EHVW;;2026;Laatste inzichten;2026;Enexis;;
EHVW_2028;EHVW;;2028;Laatste inzichten;2028;Enexis;;
HELD_2029;HELD;;2029;Laatste inzichten;2029;Enexis;;
SKN_2027;SKN;;2027;Laatste inzichten;2027;Enexis;;
VO_2031;VO;;2031;Laatste inzichten;2031;Enexis;;
AMLM_2027;AMLM;;2027;Laatste inzichten;2027;Enexis;;
AMLM_2030;AMLM;;2030;Laatste inzichten;2030;Enexis;;
NEDW_2029;NEDW;;2029;Laatste inzichten;2029;Enexis;;
HGLB_2026;HGLB;;2026;Laatste inzichten;2026;Enexis;;
GT_2030;GT;;2030;Laatste inzichten;2030;Enexis;;
RMND_2031;RMND;;2031;Laatste inzichten;2031;Enexis;;
MAK_2029;MAK;;2029;Laatste inzichten;2029;Enexis;;
MDK_2028;MDK;;2028;Laatste inzichten;2028;Enexis;;
MDK_2033;MDK;;2033;Laatste inzichten;2033;Enexis;;
ARI_2028;ARI;;2028;Laatste inzichten;2028;Enexis;;
HGV_2027;HGV;;2027;Laatste inzichten;2027;Enexis;;
EHVZ_2030;EHVZ;;2030;Laatste inzichten;2030;Enexis;;
WS_2030;WS;;2030;Laatste inzichten;2030;Enexis;;
HGLW_2029;HGLW;;2029;Laatste inzichten;2029;Enexis;;
TRBK_2027;TRBK;;2027;Laatste inzichten;2027;Enexis;;
VDM_2026;VDM;;2026;Laatste inzichten;2026;Enexis;;
VDM_2029;VDM;;2029;Laatste inzichten;2029;Enexis;;
BGMR_2029;BGMR;;2029;Laatste inzichten;2029;Enexis;;
RS_2028;RS;;2028;Laatste inzichten;2028;Enexis;;
VVL10_2029;VVL10;;2029;Laatste inzichten;2029;Enexis;;
VVL10_2033;VVL10;;2033;Laatste inzichten;2033;Enexis;;
SW_2030;SW;;2030;Laatste inzichten;2030;Enexis;;
Extra capaciteit op knooppunt OS DOETINCHEM 10-5i;OS DOETINCHEM 10-5i;3;2026;;2026 - Q3;Liander;;
Extra capaciteit op knooppunt OS BASISWEG 10-1i;OS BASISWEG 10-1i;1;2031;;2031 - Q1;Liander;;
Extra capaciteit op knooppunt OS HATTEM 10-1i;OS HATTEM 10-1i;3;2028;;2028 - Q3;Liander;;
Extra capaciteit op knooppunt OS ALPHEN CENTRUM 10-1i;OS ALPHEN CENTRUM 10-1i;4;2029;;2029 - Q4;Liander;;
Extra capaciteit op knooppunt OS FRANKENENG 10-1i;OS FRANKENENG 10-1i;1;2029;;2029 - Q1;Liander;;
Extra capaciteit op knooppunt OS WOUDHUIS 10-1i;OS WOUDHUIS 10-1i;4;2032;;2032 - Q4;Liander;;
Extra capaciteit op knooppunt OS SASSENHEIM 50-2i;OS KATWIJK 10-3i;4;2031;;2031 - Q4;Liander;;
Extra capaciteit op knooppunt OS RIJKSUNIVERSITEIT LEIDEN 10-1i;OS RIJKSUNIVERSITEIT LEIDEN 10-1i;2;2030;;2030 - Q2;Liander;;
Extra capaciteit op knooppunt OS KATTENBERG (D 219) 50-1i;OS OOSTERBEEK 10-1i;4;2029;;2029 - Q4;Liander;;
Extra capaciteit op knooppunt OS SASSENHEIM 50-2i;OS LISSE 10-1i;4;2031;;2031 - Q4;Liander;;
Extra capaciteit op knooppunt OS HILVERSUM RAAFSTRAAT 50-1i;OS HILVERSUM RAAFSTRAAT 10-1i;3;2032;;2032 - Q3;Liander;;
Extra capaciteit op knooppunt OS HILVERSUM JONKERWEG 50-1i;OS HILVERSUM RAAFSTRAAT 10-1i;3;2032;;2032 - Q3;Liander;;
Extra capaciteit op knooppunt OS 'S-GRAVELAND 50-2i;OS HILVERSUM RAAFSTRAAT 10-1i;2;2030;;2030 - Q2;Liander;;
Extra capaciteit op knooppunt OS AMSTELVEEN 50-3i;OS AALSMEER BLOEMENVEILING 10-1i;4;2032;;2032 - Q4;Liander;;
Extra capaciteit op knooppunt OS AALSMEER BLOEMENVEILING 10-1i;OS AALSMEER BLOEMENVEILING 10-1i;2;2034;;2034 - Q2;Liander;;
Extra capaciteit op knooppunt OS AALSMEER BLOEMENVEILING 50-1i;OS AALSMEER BLOEMENVEILING 10-1i;2;2034;;2034 - Q2;Liander;;
Extra capaciteit op knooppunt OS WESTHAVEN 10-2i;OS WESTHAVEN 10-2i;3;2026;;2026 - Q3;Liander;;
Extra capaciteit op knooppunt OS NIEUWE MEER 10-1i;OS NIEUWE MEER 10-1i;4;2027;;2027 - Q4;Liander;;
Extra capaciteit op knooppunt OS BERGUM CENTRALE 10-1i;OS BERGUM CENTRALE 10-1i;1;2028;;2028 - Q1;Liander;;
Extra capaciteit op knooppunt OS HERBAYUM 20KV 20-1i;OS HERBAYUM 20KV 20-1i;2;2029;;2029 - Q2;Liander;;
Extra capaciteit op knooppunt OS OTERLEEK 10-2i;OS OTERLEEK 10-2i;2;2030;;2030 - Q2;Liander;;
Extra capaciteit op knooppunt OS OTERLEEK 50-1i;OS OUDORP 10-1i;2;2029;;2029 - Q2;Liander;;
Extra capaciteit op knooppunt OS OUDORP 10-1i;OS OUDORP 10-1i;2;2033;;2033 - Q2;Liander;;
Extra capaciteit op knooppunt OS OUDORP 50-1i;OS OUDORP 10-1i;2;2033;;2033 - Q2;Liander;;
Extra capaciteit op knooppunt OS EMMELOORD 10-3i;Emmeloord inst. 2+3;2;2031;;2031 - Q2;Liander;;
Extra capaciteit op knooppunt OS EMMELOORD 10-2i;Emmeloord inst. 2+3;2;2031;;2031 - Q2;Liander;;
Extra capaciteit op knooppunt OS LEMMER 10-1i;Lemmer 10kV;2;2033;;2033 - Q2;Liander;;
Extra capaciteit op knooppunt OS LEMMER 10-2i;Lemmer 10kV;2;2033;;2033 - Q2;Liander;;
Extra capaciteit op knooppunt OS DOKKUM 20kV 20-1i;OS DOKKUM 20kV 20-1i;3;2031;;2031 - Q3;Liander;;
Extra capaciteit op knooppunt OS WESTWOUD 50-1i;Medemblik Transformator 1;1;2031;;2031 - Q1;Liander;;
Extra capaciteit op knooppunt OS LEIMUIDEN 10-2i;OS LEIMUIDEN 10-2i;3;2028;;2028 - Q3;Liander;;
Extra capaciteit op knooppunt OS BEVERWIJK 50-1i;OS BEVERWIJK 50-1i;2;2030;;2030 - Q2;Liander;;
Extra capaciteit op knooppunt OS DE VAART 10-1i;OS DE VAART 10-1i;4;2031;;2031 - Q4;Liander;;
Extra capaciteit op knooppunt OS DRACHTEN 10-2i;OS DRACHTEN 10-2i;4;2034;;2034 - Q4;Liander;;
Extra capaciteit op knooppunt OS NIEUW VENNEP 50-1i;OS NIEUW VENNEP 50-1i;4;2032;;2032 - Q4;Liander;;
Extra capaciteit op knooppunt OS NIEUW VENNEP 10-1i;OS NIEUW VENNEP 50-1i;4;2032;;2032 - Q4;Liander;;
Extra capaciteit op knooppunt OS RHIJNSPOOR 10-1i;OS RHIJNSPOOR 10-1i;1;2030;;2030 - Q1;Liander;;
Extra capaciteit op knooppunt OS RIJKSUNIVERSITEIT LEIDEN 10-2i;OS RIJKSUNIVERSITEIT LEIDEN 10-2i;2;2030;;2030 - Q2;Liander;;
Extra capaciteit op knooppunt OS KATWIJK 10-2i;OS KATWIJK 10-2i;1;2031;;2031 - Q1;Liander;;
Extra capaciteit op knooppunt OS SASSENHEIM 50-2i;OS KATWIJK 10-2i;4;2031;;2031 - Q4;Liander;;
Extra capaciteit op knooppunt OS 'S-GRAVELAND 50-2i;OS CRAILO 10-1i;2;2030;;2030 - Q2;Liander;;
Extra capaciteit op knooppunt OS WESTZAANSTRAAT 10-1i;OS WESTZAANSTRAAT 10-1i;4;2029;;2029 - Q4;Liander;;
Extra capaciteit op knooppunt OS AMSTELVEEN 50-3i;OS WEESP 10-9i;4;2032;;2032 - Q4;Liander;;
Extra capaciteit op knooppunt OS WEESP 10-9i;OS WEESP 10-9i;3;2031;;2031 - Q3;Liander;;
Extra capaciteit op knooppunt OS HAARLEMMERMEER 10-1i;OS HAARLEMMERMEER 10-1i;4;2032;;2032 - Q4;Liander;;
Extra capaciteit op knooppunt OS WEESP 10-1i;OS WEESP 10-1i;3;2031;;2031 - Q3;Liander;;
Extra capaciteit op knooppunt OS AMSTELVEEN 50-3i;OS WEESP 10-1i;4;2032;;2032 - Q4;Liander;;
Extra capaciteit op knooppunt OS GORREDIJK 10-1i;OS GORREDIJK 110kV TenneT;4;2027;;2027 - Q4;Liander;;
Extra capaciteit op knooppunt OS ANNA PAULOWNA 50-3i;OS DEN HELDER DE SCHOOTEN 10-2i;1;2032;;2032 - Q1;Liander;;
Extra capaciteit op knooppunt OS DODEWAARD 10-1i;OS DODEWAARD 10-1i;3;2033;;2033 - Q3;Liander;;
Extra capaciteit op knooppunt OS DALE 10-1i;OS DALE 10-1i;3;2033;;2033 - Q3;Liander;;
Extra capaciteit op knooppunt OS SINT ANNAMOLEN 10-1i;OS SINT ANNAMOLEN 10-1i;4;2029;;2029 - Q4;Liander;;
Extra capaciteit op knooppunt OS SNEEK 10-1i;OS SNEEK 10-1i;4;2036;;2036 - Q4;Liander;;
Extra capaciteit op knooppunt OS OUDEHASKE 10-2i;OS OUDEHASKE 10-2i;3;2027;;2027 - Q3;Liander;;
Extra capaciteit op knooppunt OS LOCHEM 10-1i;OS LOCHEM 10-1i;4;2028;;2028 - Q4;Liander;;
Extra capaciteit op knooppunt OS DE WEEL 20-1i;OS DE WEEL 20-1i;4;2026;;2026 - Q4;Liander;;
Extra capaciteit op knooppunt OS LEIDEN ZUID WEST 10-2i;OS LEIDEN ZUID WEST 10-1i;2;2030;;2030 - Q2;Liander;;
Extra capaciteit op knooppunt OS LEIDEN ZUID WEST 10-3i;OS LEIDEN ZUID WEST 10-1i;2;2030;;2030 - Q2;Liander;;
Extra capaciteit op knooppunt OS LEIDEN ZUID WEST 10-1i;OS LEIDEN ZUID WEST 10-1i;2;2030;;2030 - Q2;Liander;;
Extra capaciteit op knooppunt OS KATTENBERG (D 219) 50-1i;OS PRESIKHAAF 10-1i;4;2029;;2029 - Q4;Liander;;
Extra capaciteit op knooppunt OS APELDOORN 10-2i;OS APELDOORN 10-2i;4;2036;;2036 - Q4;Liander;;
Extra capaciteit op knooppunt OS SLOTERMEER 10-1i;OS SLOTERMEER 10-1i;4;2033;;2033 - Q4;Liander;;
Extra capaciteit op knooppunt OS NOORD PAPAVERWEG 10-1i;OS NOORD PAPAVERWEG 10-1i;2;2027;;2027 - Q2;Liander;;
Extra capaciteit op knooppunt OS ALPHEN CENTRUM 10-2i;OS ALPHEN CENTRUM 10-2i;4;2029;;2029 - Q4;Liander;;
Extra capaciteit op knooppunt OS 'S-GRAVELAND 50-2i;OS HILVERSUM JONKERWEG 10-1i;2;2030;;2030 - Q2;Liander;;
Extra capaciteit op knooppunt OS HILVERSUM JONKERWEG 10-1i;OS HILVERSUM JONKERWEG 10-1i;3;2032;;2032 - Q3;Liander;;
Extra capaciteit op knooppunt OS HILVERSUM JONKERWEG 50-1i;OS HILVERSUM JONKERWEG 10-1i;3;2032;;2032 - Q3;Liander;;
Extra capaciteit op knooppunt OS HARDERWIJK 50-1i;OS NUNSPEET 10-1i;4;2030;;2030 - Q4;Liander;;
Extra capaciteit op knooppunt OS NUNSPEET 10-1i;OS NUNSPEET 10-1i;2;2029;;2029 - Q2;Liander;;
Extra capaciteit op knooppunt OS OTERLEEK 50-1i;OS WARMENHUIZEN 10-1i;2;2029;;2029 - Q2;Liander;;
Extra capaciteit op knooppunt OS WARMENHUIZEN 10-1i;OS WARMENHUIZEN 10-1i;4;2032;;2032 - Q4;Liander;;
Extra capaciteit op knooppunt OS EMMELOORD 10-1i;OS EMMELOORD 10-1i;2;2031;;2031 - Q2;Liander;;
Extra capaciteit op knooppunt OS LEMMER 20-4i;OS LEMMER 20-4i;2;2033;;2033 - Q2;Liander;;
Extra capaciteit op knooppunt OS ANNA PAULOWNA 10-2i;OS ANNA PAULOWNA 10-2i;2;2032;;2032 - Q2;Liander;;
Extra capaciteit op knooppunt OS HILVERSUM NOORDER BEGRAAFPLAATS 50-1i;Hilversum Noorderbegraafplaats 10 kV 1 + 2;3;2032;;2032 - Q3;Liander;;
Extra capaciteit op knooppunt OS 'S-GRAVELAND 50-2i;Hilversum Noorderbegraafplaats 10 kV 1 + 2;2;2030;;2030 - Q2;Liander;;
Extra capaciteit op knooppunt OS KATTENBERG (D 219) 50-1i;OS PRESIKHAAF 10-2i;4;2029;;2029 - Q4;Liander;;
Extra capaciteit op knooppunt OS PRESIKHAAF 10-2i;OS PRESIKHAAF 10-2i;4;2030;;2030 - Q4;Liander;;
Extra capaciteit op knooppunt OS SCHIPLUIDENLAAN 10-1i;OS SCHIPLUIDENLAAN 10-1i;4;2032;;2032 - Q4;Liander;;
Extra capaciteit op knooppunt OS VIJFHUIZEN 50-1i;OS SCHALKWIJK 10-1i;4;2030;;2030 - Q4;Liander;;
Extra capaciteit op knooppunt OS SCHALKWIJK 10-1i;OS SCHALKWIJK 10-1i;4;2034;;2034 - Q4;Liander;;
Extra capaciteit op knooppunt OS WIJDEWORMER 50-2i;OS ZAANDIJK 50-1i;2;2027;;2027 - Q2;Liander;;
Extra capaciteit op knooppunt OS ZAANDIJK 50-1i;OS ZAANDIJK 50-1i;4;2029;;2029 - Q4;Liander;;
Extra capaciteit op knooppunt OS VIJFHUIZEN 50-1i;OS RUIGOORD 10-1i;4;2030;;2030 - Q4;Liander;;
Extra capaciteit op knooppunt OS RUIGOORD 10-1i;OS RUIGOORD 10-1i;4;2033;;2033 - Q4;Liander;;
Extra capaciteit op knooppunt OS OVERVEEN 10-2i;OS OVERVEEN 10-2i;1;2028;;2028 - Q1;Liander;;
Extra capaciteit op knooppunt OS VIJFHUIZEN 50-1i;OS OVERVEEN 10-2i;4;2030;;2030 - Q4;Liander;;
Extra capaciteit op knooppunt OS BIJLMER NOORD 20-4i;OS BIJLMER NOORD 20-4i;4;2030;;2030 - Q4;Liander;;
Extra capaciteit op knooppunt OS IJPOLDER 10-4i;OS IJPOLDER 10-4i;1;2026;;2026 - Q1;Liander;;
Extra capaciteit op knooppunt OS EDAM 10-2i;OS EDAM 10-2i;2;2026;;2026 - Q2;Liander;;
Extra capaciteit op knooppunt OS WIJDEWORMER 50-2i;OS EDAM 10-2i;2;2027;;2027 - Q2;Liander;;
Extra capaciteit op knooppunt OS BEMMEL 10-1i;OS BEMMEL 10-1i;4;2026;;2026 - Q4;Liander;;
Extra capaciteit op knooppunt OS BEMMEL 50-1i;OS BEMMEL 10-1i;3;2031;;2031 - Q3;Liander;;
Extra capaciteit op knooppunt OS TIEL 10-1i;OS TIEL 10-1i;4;2029;;2029 - Q4;Liander;;
Extra capaciteit op knooppunt OS WINTERSWIJK 10-1i;OS WINTERSWIJK 10-1i;4;2027;;2027 - Q4;Liander;;
Extra capaciteit op knooppunt OS SCHIPHOL OOST 10-2i;OS AMSTELVEEN 50kV + 10kV;4;2034;;2034 - Q4;Liander;;
Extra capaciteit op knooppunt OS WEESP 10-1i;OS AMSTELVEEN 50kV + 10kV;3;2031;;2031 - Q3;Liander;;
Extra capaciteit op knooppunt OS AMSTELVEEN 10-1i;OS AMSTELVEEN 50kV + 10kV;4;2032;;2032 - Q4;Liander;;
Extra capaciteit op knooppunt OS SCHIPHOL OOST 10-1i;OS AMSTELVEEN 50kV + 10kV;4;2034;;2034 - Q4;Liander;;
Extra capaciteit op knooppunt OS AMSTELVEEN 10-2i;OS AMSTELVEEN 50kV + 10kV;4;2032;;2032 - Q4;Liander;;
Extra capaciteit op knooppunt OS AALSMEER BLOEMENVEILING 50-1i;OS AMSTELVEEN 50kV + 10kV;2;2034;;2034 - Q2;Liander;;
Extra capaciteit op knooppunt OS SCHIPHOL OOST 50-1i;OS AMSTELVEEN 50kV + 10kV;4;2034;;2034 - Q4;Liander;;
Extra capaciteit op knooppunt OS WEESP 10-2i;OS AMSTELVEEN 50kV + 10kV;3;2031;;2031 - Q3;Liander;;
Extra capaciteit op knooppunt OS WEESP 10-9i;OS AMSTELVEEN 50kV + 10kV;3;2031;;2031 - Q3;Liander;;
Extra capaciteit op knooppunt OS AMSTELVEEN 50-3i;OS AMSTELVEEN 50kV + 10kV;4;2032;;2032 - Q4;Liander;;
Extra capaciteit op knooppunt OS AALSMEER BLOEMENVEILING 10-1i;OS AMSTELVEEN 50kV + 10kV;2;2034;;2034 - Q2;Liander;;
Extra capaciteit op knooppunt OS SCHENKENSCHANS 10-9i;OS SCHENKENSCHANS 10-9i;4;2031;;2031 - Q4;Liander;;
Extra capaciteit op knooppunt OS 'S-GRAVELAND 50-2i;OS HUIZEN 10-1i;2;2030;;2030 - Q2;Liander;;
Extra capaciteit op knooppunt OS HUIZEN 10-1i;OS HUIZEN 10-1i;1;2031;;2031 - Q1;Liander;;
Extra capaciteit op knooppunt OS OUDEHASKE 20-4i;OS OUDEHASKE 20-4i;3;2033;;2033 - Q3;Liander;;
Extra capaciteit op knooppunt OS ZALTBOMMEL 10-1i;OS ZALTBOMMEL 10-1i;1;2026;;2026 - Q1;Liander;;
Extra capaciteit op knooppunt OS TEERSDIJK 10-1i;OS TEERSDIJK 10-1i;3;2030;;2030 - Q3;Liander;;
Extra capaciteit op knooppunt OS ALKMAAR 10-1i;OS ALKMAAR 10-1i;4;2033;;2033 - Q4;Liander;;
Extra capaciteit op knooppunt OS OTERLEEK 50-1i;OS ALKMAAR 10-1i;2;2029;;2029 - Q2;Liander;;
Extra capaciteit op knooppunt OS HEILOO 50-1i;OS Heiloo 10-1i + 10-2i;4;2033;;2033 - Q4;Liander;;
Extra capaciteit op knooppunt OS OTERLEEK 50-1i;OS Heiloo 10-1i + 10-2i;2;2029;;2029 - Q2;Liander;;
Extra capaciteit op knooppunt OS OUDORP 50-1i;OS OUDORP 10-2i;2;2033;;2033 - Q2;Liander;;
Extra capaciteit op knooppunt OS OUDORP 10-2i;OS OUDORP 10-2i;2;2033;;2033 - Q2;Liander;;
Extra capaciteit op knooppunt OS OTERLEEK 50-1i;OS OUDORP 10-2i;2;2029;;2029 - Q2;Liander;;
Extra capaciteit op knooppunt OS SCHAGEN 50-1i;OS SCHAGEN 10-2i;4;2032;;2032 - Q4;Liander;;
Extra capaciteit op knooppunt OS OTERLEEK 50-1i;OS SCHAGEN 10-2i;2;2029;;2029 - Q2;Liander;;
Extra capaciteit op knooppunt OS SCHAGEN 10-2i;OS SCHAGEN 10-2i;4;2032;;2032 - Q4;Liander;;
Extra capaciteit op knooppunt OS BEMMEL 10-2i;OS BEMMEL 10-2i;4;2026;;2026 - Q4;Liander;;
Extra capaciteit op knooppunt OS BEMMEL 50-1i;OS BEMMEL 10-2i;3;2031;;2031 - Q3;Liander;;
Extra capaciteit op knooppunt OS ENKHUIZEN 50-1i;OS ENKHUIZEN 10-1i;4;2030;;2030 - Q4;Liander;;
Extra capaciteit op knooppunt OS WESTWOUD 50-1i;OS ENKHUIZEN 10-1i;1;2031;;2031 - Q1;Liander;;
Extra capaciteit op knooppunt OS ENKHUIZEN 10-2i;OS ENKHUIZEN 10-2i;4;2030;;2030 - Q4;Liander;;
Extra capaciteit op knooppunt OS ENKHUIZEN 50-1i;OS ENKHUIZEN 10-2i;4;2030;;2030 - Q4;Liander;;
Extra capaciteit op knooppunt OS WESTWOUD 50-1i;OS ENKHUIZEN 10-2i;1;2031;;2031 - Q1;Liander;;
Extra capaciteit op knooppunt OS 'S-GRAVELAND 10-1i;OS 'S-GRAVELAND 10-1i;3;2029;;2029 - Q3;Liander;;
Extra capaciteit op knooppunt OS CULEMBORG 10-2i;OS CULEMBORG 10-2i;4;2035;;2035 - Q4;Liander;;
Extra capaciteit op knooppunt OS TIEL 50-2i;OS CULEMBORG 10-2i;1;2032;;2032 - Q1;Liander;;
Extra capaciteit op knooppunt OS CULEMBORG 50-1i;OS CULEMBORG 10-2i;4;2035;;2035 - Q4;Liander;;
Extra capaciteit op knooppunt OS WOUDHUIS 10-2i;OS WOUDHUIS 10-2i;4;2032;;2032 - Q4;Liander;;
Extra capaciteit op knooppunt OS TIEL 10-2i;OS TIEL 10-2i;4;2030;;2030 - Q4;Liander;;
Extra capaciteit op knooppunt OS ZAANDAM NOORD 10-2i;OS ZAANDAM NOORD 50-1i;2;2029;;2029 - Q2;Liander;;
Extra capaciteit op knooppunt OS ZAANDAM NOORD 10-1i;OS ZAANDAM NOORD 50-1i;2;2029;;2029 - Q2;Liander;;
Extra capaciteit op knooppunt OS VIJFHUIZEN 10-1i;OS VIJFHUIZEN 20-3i;4;2030;;2030 - Q4;Liander;;
Extra capaciteit op knooppunt OS VIJFHUIZEN 20-3i;OS VIJFHUIZEN 20-3i;4;2032;;2032 - Q4;Liander;;
Extra capaciteit op knooppunt OS LEIDEN NOORD 10-1i;OS LEIDEN NOORD 10-1i;4;2035;;2035 - Q4;Liander;;
Extra capaciteit op knooppunt OS VIJFHUIZEN 50-1i;OS OVERVEEN 10-1i;4;2030;;2030 - Q4;Liander;;
Extra capaciteit op knooppunt OS SASSENHEIM 50-2i;OS LISSE 10-2i;4;2031;;2031 - Q4;Liander;;
Extra capaciteit op knooppunt OS 'S-GRAVELAND 50-2i;OS NAARDEN 50-1i;2;2030;;2030 - Q2;Liander;;
Extra capaciteit op knooppunt OS KATTENBERG (D 219) 10-1i;OS KATTENBERG (D 219) 10-1i;4;2029;;2029 - Q4;Liander;;
Extra capaciteit op knooppunt OS KATTENBERG (D 219) 50-1i;OS KATTENBERG (D 219) 10-1i;4;2029;;2029 - Q4;Liander;;
Extra capaciteit op knooppunt OS AMSTELVEEN 50-3i;OS UITHOORN 50-1i;4;2032;;2032 - Q4;Liander;;
Extra capaciteit op knooppunt OS AMSTELVEEN 50-3i;OS WEESP 10-2i;4;2032;;2032 - Q4;Liander;;
Extra capaciteit op knooppunt OS WEESP 10-2i;OS WEESP 10-2i;3;2031;;2031 - Q3;Liander;;
Extra capaciteit op knooppunt OS BIJLMER NOORD 10-2i;Bijlmer Noord 10kV totaal;3;2029;;2029 - Q3;Liander;;
Extra capaciteit op knooppunt OS BIJLMER NOORD 10-1i;Bijlmer Noord 10kV totaal;3;2029;;2029 - Q3;Liander;;
Extra capaciteit op knooppunt OS SCHIPHOL OOST 10-2i;OS SCHIPHOL OOST 50-1i;4;2034;;2034 - Q4;Liander;;
Extra capaciteit op knooppunt OS AMSTELVEEN 50-3i;OS SCHIPHOL OOST 50-1i;4;2032;;2032 - Q4;Liander;;
Extra capaciteit op knooppunt OS SCHIPHOL OOST 50-1i;OS SCHIPHOL OOST 50-1i;4;2034;;2034 - Q4;Liander;;
Extra capaciteit op knooppunt OS SCHIPHOL OOST 10-1i;OS SCHIPHOL OOST 50-1i;4;2034;;2034 - Q4;Liander;;
Extra capaciteit op knooppunt OS PURMEREND KWADIJKERKOOGWEG 10-2i;OS PURMEREND KWADIJKERKOOGWEG 50-1i;3;2026;;2026 - Q3;Liander;;
Extra capaciteit op knooppunt OS WIJDEWORMER 50-2i;OS PURMEREND KWADIJKERKOOGWEG 50-1i;2;2027;;2027 - Q2;Liander;;
Extra capaciteit op knooppunt OS PURMEREND KWADIJKERKOOGWEG 10-1i;OS PURMEREND KWADIJKERKOOGWEG 50-1i;2;2026;;2026 - Q2;Liander;;
Extra capaciteit op knooppunt OS HERBAYUM 10-1i;OS HERBAYUM 10-1i;3;2032;;2032 - Q3;Liander;;
Extra capaciteit op knooppunt OS WESTWOUD 10-4i;OS WESTWOUD 10-4i;1;2031;;2031 - Q1;Liander;;
Extra capaciteit op knooppunt OS HOORN HOLENWEG 10-1i;OS HOORN HOLENWEG 10-1i;4;2030;;2030 - Q4;Liander;;
Extra capaciteit op knooppunt OS WESTWOUD 50-1i;OS HOORN HOLENWEG 10-1i;1;2031;;2031 - Q1;Liander;;
Extra capaciteit op knooppunt OS EMMELOORD 20-5i;OS EMMELOORD 20-5i;2;2031;;2031 - Q2;Liander;;
Extra capaciteit op knooppunt OS ULKESLUIS 10-1i;OS ULKESLUIS 10-1i;4;2032;;2032 - Q4;Liander;;
Extra capaciteit op knooppunt OS ANNA PAULOWNA 50-3i;OS ULKESLUIS 10-1i;1;2032;;2032 - Q1;Liander;;
Extra capaciteit op knooppunt OS ANNA PAULOWNA 50-3i;OS DEN HELDER VOGELWIJK 10-1i;1;2032;;2032 - Q1;Liander;;
Extra capaciteit op knooppunt OS DEN HELDER VOGELWIJK 10-1i;OS DEN HELDER VOGELWIJK 10-1i;1;2032;;2032 - Q1;Liander;;
Extra capaciteit op knooppunt OS BORCULO 20-3i;OS BORCULO 20-3i;1;2036;;2036 - Q1;Liander;;
Extra capaciteit op knooppunt OS OOSTERHOUT 20-2i;OS OOSTERHOUT 20-2i;3;2032;;2032 - Q3;Liander;;
Extra capaciteit op knooppunt OS ZEVENAAR 10-3i;OS ZEVENAAR 10-3i;4;2029;;2029 - Q4;Liander;;
Extra capaciteit op knooppunt OS NOORDWIJK 10-1i;OS NOORDWIJK 10-1i;4;2031;;2031 - Q4;Liander;;
Extra capaciteit op knooppunt OS SASSENHEIM 50-2i;OS NOORDWIJK 10-1i;4;2031;;2031 - Q4;Liander;;
Extra capaciteit op knooppunt OS SASSENHEIM 50-2i;OS SASSENHEIM 10-1i;4;2031;;2031 - Q4;Liander;;
Extra capaciteit op knooppunt OS SASSENHEIM 10-1i;OS SASSENHEIM 10-1i;4;2031;;2031 - Q4;Liander;;
Extra capaciteit op knooppunt OS HOOFDDORP 10-2i;OS HOOFDDORP 10-2i;1;2032;;2032 - Q1;Liander;;
Extra capaciteit op knooppunt OS ZORGVLIED 10-1i;OS ZORGVLIED 20-4i;4;2030;;2030 - Q4;Liander;;
Extra capaciteit op knooppunt OS LEEUWARDEN 10-4i;OS LEEUWARDEN 10-4i;3;2032;;2032 - Q3;Liander;;
Extra capaciteit op knooppunt OS KROMMENIE 10-3i;OS KROMMENIE 50-1i;4;2032;;2032 - Q4;Liander;;
Extra capaciteit op knooppunt OS WIJDEWORMER 50-2i;OS KROMMENIE 50-1i;2;2027;;2027 - Q2;Liander;;
Extra capaciteit op knooppunt OS KROMMENIE 10-1i;OS KROMMENIE 50-1i;4;2032;;2032 - Q4;Liander;;
Extra capaciteit op knooppunt OS KROMMENIE 10-2i;OS KROMMENIE 50-1i;4;2032;;2032 - Q4;Liander;;
Extra capaciteit op knooppunt OS DUKENBURG 10-1i;OS DUKENBURG 10-1i;1;2031;;2031 - Q1;Liander;;
Extra capaciteit op knooppunt OS WIJDEWORMER 50-2i;OS WORMERVEER 50-1i;2;2027;;2027 - Q2;Liander;;
Extra capaciteit op knooppunt OS WESTHAVEN 10-1i;OS WESTHAVEN 10-1i;3;2026;;2026 - Q3;Liander;;
Extra capaciteit op knooppunt OS VLIEGENBOS 10-1i;OS VLIEGENBOS 10-1i;2;2027;;2027 - Q2;Liander;;
Extra capaciteit op knooppunt OS PURMEREND SCHAEPMANSTRAAT 50-1i;OS PURMEREND SCHAEPMANSTRAAT 50-1i;2;2029;;2029 - Q2;Liander;;
Extra capaciteit op knooppunt OS WIJDEWORMER 50-2i;OS PURMEREND SCHAEPMANSTRAAT 50-1i;2;2027;;2027 - Q2;Liander;;
Extra capaciteit op knooppunt OS PURMEREND SCHAEPMANSTRAAT 10-1i;OS PURMEREND SCHAEPMANSTRAAT 50-1i;2;2028;;2028 - Q2;Liander;;
Extra capaciteit op knooppunt OS PURMEREND SCHAEPMANSTRAAT 10-2i;OS PURMEREND SCHAEPMANSTRAAT 50-1i;2;2028;;2028 - Q2;Liander;;
Extra capaciteit op knooppunt OS ZEVENHUIZEN 10-2i;OS ZEVENHUIZEN 10-2i;3;2027;;2027 - Q3;Liander;;
Extra capaciteit op knooppunt OS NIJKERK 50-1i;OS NIJKERK 10-1i;4;2030;;2030 - Q4;Liander;;
Extra capaciteit op knooppunt OS HARDERWIJK 50-1i;OS NIJKERK 10-1i;4;2030;;2030 - Q4;Liander;;
Extra capaciteit op knooppunt OS WESTWOUD 50-1i;OS MEDEMBLIK 10-2i;1;2031;;2031 - Q1;Liander;;
Extra capaciteit op knooppunt OS MEDEMBLIK 10-2i;OS MEDEMBLIK 10-2i;4;2027;;2027 - Q4;Liander;;
Extra capaciteit op knooppunt OS WESTWOUD 50-1i;OS WERVERSHOOF 10-1i;1;2031;;2031 - Q1;Liander;;
Extra capaciteit op knooppunt OS OTERLEEK 50-1i;OS HEERHUGOWAARD 50-1i;2;2029;;2029 - Q2;Liander;;
Extra capaciteit op knooppunt OS TEXEL 10-1i;OS TEXEL 10-1i;1;2028;;2028 - Q1;Liander;;
Extra capaciteit op knooppunt OS ANNA PAULOWNA 50-3i;OS TEXEL 10-1i;1;2032;;2032 - Q1;Liander;;
Extra capaciteit op knooppunt OS CULEMBORG 50-1i;OS CULEMBORG 10-1i;4;2035;;2035 - Q4;Liander;;
Extra capaciteit op knooppunt OS CULEMBORG 10-1i;OS CULEMBORG 10-1i;4;2035;;2035 - Q4;Liander;;
Extra capaciteit op knooppunt OS TIEL 50-2i;OS CULEMBORG 10-1i;1;2032;;2032 - Q1;Liander;;
Extra capaciteit op knooppunt OS BERGUM CENTRALE 10-2i;OS BERGUM CENTRALE 10-2i;1;2028;;2028 - Q1;Liander;;
Extra capaciteit op knooppunt OS LEIDERDORP 10-1i;OS LEIDERDORP 10-1i;2;2030;;2030 - Q2;Liander;;
Extra capaciteit op knooppunt OS ALPHEN CENTRUM 10-2i;OS ALPHEN WEST 50-3i;4;2029;;2029 - Q4;Liander;;
Extra capaciteit op knooppunt OS ZEVENHUIZEN 10-2i;OS ALPHEN WEST 50-3i;3;2027;;2027 - Q3;Liander;;
Extra capaciteit op knooppunt OS WADDINXVEEN 10-1i;OS ALPHEN WEST 50-3i;4;2026;;2026 - Q4;Liander;;
Extra capaciteit op knooppunt OS ALPHEN WEST 10-1i;OS ALPHEN WEST 50-3i;3;2027;;2027 - Q3;Liander;;
Extra capaciteit op knooppunt OS ALPHEN CENTRUM 10-1i;OS ALPHEN WEST 50-3i;4;2029;;2029 - Q4;Liander;;
Extra capaciteit op knooppunt OS ZOETERWOUDE 10-3i;OS ALPHEN WEST 50-3i;3;2029;;2029 - Q3;Liander;;
Extra capaciteit op knooppunt OS HARDERWIJK 50-1i;OS NIJKERK 10-2i;4;2030;;2030 - Q4;Liander;;
Extra capaciteit op knooppunt OS NIJKERK 10-2i;OS NIJKERK 10-2i;2;2030;;2030 - Q2;Liander;;
Extra capaciteit op knooppunt OS NIJKERK 50-1i;OS NIJKERK 10-2i;4;2030;;2030 - Q4;Liander;;
Extra capaciteit op knooppunt OS SASSENHEIM 50-2i;OS SASSENHEIM 10-2i;4;2031;;2031 - Q4;Liander;;
Extra capaciteit op knooppunt OS SASSENHEIM 10-2i;OS SASSENHEIM 10-2i;4;2031;;2031 - Q4;Liander;;
Extra capaciteit op knooppunt OS HOOFDDORP 10-1i;OS HOOFDDORP 10-1i;1;2032;;2032 - Q1;Liander;;
Extra capaciteit op knooppunt OS ALMERE 10-1i;OS ALMERE 10-1i;3;2030;;2030 - Q3;Liander;;
Extra capaciteit op knooppunt OS IJPOLDER 10-4i;OS HEMWEG 50-2i;1;2026;;2026 - Q1;Liander;;
Extra capaciteit op knooppunt OS BASISWEG 10-2i;OS HEMWEG 50-2i;1;2031;;2031 - Q1;Liander;;
Extra capaciteit op knooppunt OS ZAANDAM WEST 10-1i;OS HEMWEG 50-2i;4;2028;;2028 - Q4;Liander;;
Extra capaciteit op knooppunt OS SLOTERMEER 10-1i;OS HEMWEG 50-2i;4;2033;;2033 - Q4;Liander;;
Extra capaciteit op knooppunt OS ZAANDAM NOORD 10-2i;OS HEMWEG 50-2i;2;2029;;2029 - Q2;Liander;;
Extra capaciteit op knooppunt OS BASISWEG 10-1i;OS HEMWEG 50-2i;1;2031;;2031 - Q1;Liander;;
Extra capaciteit op knooppunt OS WESTHAVEN 10-2i;OS HEMWEG 50-2i;3;2026;;2026 - Q3;Liander;;
Extra capaciteit op knooppunt OS ZAANDAM NOORD 10-1i;OS HEMWEG 50-2i;2;2029;;2029 - Q2;Liander;;
Extra capaciteit op knooppunt OS SCHIPLUIDENLAAN 10-1i;OS HEMWEG 50-2i;4;2032;;2032 - Q4;Liander;;
Extra capaciteit op knooppunt OS WESTZAANSTRAAT 10-1i;OS HEMWEG 50-2i;4;2029;;2029 - Q4;Liander;;
Extra capaciteit op knooppunt OS WESTHAVEN 10-1i;OS HEMWEG 50-2i;3;2026;;2026 - Q3;Liander;;
Extra capaciteit op knooppunt OS ZAANDAM WEST 10-1i;OS ZAANDAM WEST 10-1i;4;2028;;2028 - Q4;Liander;;
Extra capaciteit op knooppunt OS BASISWEG 10-2i;OS BASISWEG 10-2i;1;2031;;2031 - Q1;Liander;;
Extra capaciteit op knooppunt OS HARSELAAR 20-3i;OS HARSELAAR 20-3i;3;2029;;2029 - Q3;Liander;;
Extra capaciteit op knooppunt OS ULFT 10-1i;OS ULFT 10-1i;1;2028;;2028 - Q1;Liander;;
Extra capaciteit op knooppunt OS OTERLEEK 10-4i;OS OTERLEEK 10-4i;2;2030;;2030 - Q2;Liander;;
Extra capaciteit op knooppunt OS LEEUWARDEN 10-1i;OS LEEUWARDEN 10-1i;4;2027;;2027 - Q4;Liander;;
Extra capaciteit op knooppunt OS OTERLEEK 50-1i;OS SCHAGEN 10-1i;2;2029;;2029 - Q2;Liander;;
Extra capaciteit op knooppunt OS SCHAGEN 50-1i;OS SCHAGEN 10-1i;4;2032;;2032 - Q4;Liander;;
Extra capaciteit op knooppunt OS SCHAGEN 10-1i;OS SCHAGEN 10-1i;4;2032;;2032 - Q4;Liander;;
Extra capaciteit op knooppunt OS HOORN HOLENWEG 10-2i;OS HOORN HOLENWEG 10-2i;4;2030;;2030 - Q4;Liander;;
Extra capaciteit op knooppunt OS WESTWOUD 50-1i;OS HOORN HOLENWEG 10-2i;1;2031;;2031 - Q1;Liander;;
Extra capaciteit op knooppunt OS WESTWOUD 50-1i;OS MEDEMBLIK 10-1i;1;2031;;2031 - Q1;Liander;;
Extra capaciteit op knooppunt OS BERGUM CENTRALE 20-4i;OS BERGUM CENTRALE 20-4i;2;2026;;2026 - Q2;Liander;;
Extra capaciteit op knooppunt OS MARNEZIJL 10-1i;OS MARNEZIJL 20-3i;2;2029;;2029 - Q2;Liander;;
Extra capaciteit op knooppunt OS MARNEZIJL SUB 10-1i;OS MARNEZIJL 20-3i;2;2029;;2029 - Q2;Liander;;
Extra capaciteit op knooppunt OS ZUIDERVELD 10-1i;OS ZUIDERVELD 10-1i;1;2029;;2029 - Q1;Liander;;
Extra capaciteit op knooppunt OS ALPHEN WEST 10-1i;OS ALPHEN WEST 10-1i;3;2027;;2027 - Q3;Liander;;
Extra capaciteit op knooppunt OS DE VAART 10-3i;OS DE VAART 10-3i;4;2031;;2031 - Q4;Liander;;
Extra capaciteit op knooppunt OS OUDEHASKE 10-1i;OS OUDEHASKE 10-1i;3;2027;;2027 - Q3;Liander;;
Extra capaciteit op knooppunt OS SCHENKENSCHANS 10-1i;OS SCHENKENSCHANS 10-1i;4;2031;;2031 - Q4;Liander;;
Extra capaciteit op knooppunt OS SCHENKENSCHANS 10-2i;OS SCHENKENSCHANS 10-2i;4;2031;;2031 - Q4;Liander;;
Extra capaciteit op knooppunt OS HILLEGOM 10-1i;OS HILLEGOM 10-1i;4;2031;;2031 - Q4;Liander;;
Extra capaciteit op knooppunt OS SASSENHEIM 50-2i;OS HILLEGOM 10-1i;4;2031;;2031 - Q4;Liander;;
Extra capaciteit op knooppunt OS AMSTELVEEN 10-1i;Amstelveen;4;2032;;2032 - Q4;Liander;;
Extra capaciteit op knooppunt OS AMSTELVEEN 10-2i;Amstelveen;4;2032;;2032 - Q4;Liander;;
Extra capaciteit op knooppunt OS ROZENBURG 10-3i;OS ROZENBURG 10-2i;4;2027;;2027 - Q4;Liander;;
Extra capaciteit op knooppunt OS AMSTELVEEN 50-3i;OS AALSMEER BLOEMENVEILING 10-2i;4;2032;;2032 - Q4;Liander;;
Extra capaciteit op knooppunt OS AALSMEER BLOEMENVEILING 50-1i;OS AALSMEER BLOEMENVEILING 10-2i;2;2034;;2034 - Q2;Liander;;
Extra capaciteit op knooppunt OS AMSTELVEEN 50-3i;OS AMSTELVEEN BOLWERK 50-1i;4;2032;;2032 - Q4;Liander;;
Extra capaciteit op knooppunt OS WIJDEWORMER 50-2i;OS EDAM 10-1i;2;2027;;2027 - Q2;Liander;;
Extra capaciteit op knooppunt OS EDAM 10-1i;OS EDAM 10-1i;1;2030;;2030 - Q1;Liander;;
Extra capaciteit op knooppunt OS DRACHTEN 10-1i;OS DRACHTEN 10-1i;4;2034;;2034 - Q4;Liander;;
Extra capaciteit op knooppunt OS HAARLEMMERMEER 20-2i;OS HAARLEMMERMEER 20-2i;1;2026;;2026 - Q1;Liander;;
Extra capaciteit op knooppunt OS ULFT 20-3i;OS ULFT 20-3i;1;2028;;2028 - Q1;Liander;;
Extra capaciteit op knooppunt OS RAUWERD 10-1i;OS RAUWERD 10-1i;4;2034;;2034 - Q4;Liander;;
Extra capaciteit op knooppunt OS DRUTEN 10-1i;OS DRUTEN 10-1i;4;2026;;2026 - Q4;Liander;;
Extra capaciteit op knooppunt OS UITGEEST 50-1i;OS UITGEEST 50-1i;2;2034;;2034 - Q2;Liander;;
Extra capaciteit op knooppunt OS UITGEEST 10-4i;OS UITGEEST 50-1i;2;2034;;2034 - Q2;Liander;;
Extra capaciteit op knooppunt OS UITGEEST 10-1i;OS UITGEEST 50-1i;2;2034;;2034 - Q2;Liander;;
Extra capaciteit op knooppunt OS UITGEEST 10-2i;OS UITGEEST 50-1i;2;2034;;2034 - Q2;Liander;;
Extra capaciteit op knooppunt OS HOORN GELDELOZEWEG 10-1i;OS HOORN GELDELOZEWEG 50-1i;2;2029;;2029 - Q2;Liander;;
Extra capaciteit op knooppunt OS HOORN GELDELOZEWEG 10-2i;OS HOORN GELDELOZEWEG 50-1i;2;2029;;2029 - Q2;Liander;;
Extra capaciteit op knooppunt OS WESTWOUD 50-1i;OS HOORN GELDELOZEWEG 50-1i;1;2031;;2031 - Q1;Liander;;
Extra capaciteit op knooppunt OS TEERSDIJK 10-2i;OS TEERSDIJK 10-2i;3;2030;;2030 - Q3;Liander;;
Extra capaciteit op knooppunt OS OOSTERWOLDE 10-1i;OS OOSTERWOLDE 10-1i;4;2033;;2033 - Q4;Liander;;
Extra capaciteit op knooppunt OS OOSTERWOLDE 10-2i;OS OOSTERWOLDE 10-1i;4;2033;;2033 - Q4;Liander;;
Extra capaciteit op knooppunt OS HARDERWIJK 50-1i;OS NUNSPEET 10-2i;4;2030;;2030 - Q4;Liander;;
Extra capaciteit op knooppunt OS NUNSPEET 10-2i;OS NUNSPEET 10-2i;2;2029;;2029 - Q2;Liander;;
Extra capaciteit op knooppunt OS CULEMBORG 10-1i;OS CULEMBORG 50-1i;4;2035;;2035 - Q4;Liander;;
Extra capaciteit op knooppunt OS TIEL 50-2i;OS CULEMBORG 50-1i;1;2032;;2032 - Q1;Liander;;
Extra capaciteit op knooppunt OS CULEMBORG 50-1i;OS CULEMBORG 50-1i;4;2035;;2035 - Q4;Liander;;
Extra capaciteit op knooppunt OS CULEMBORG 10-2i;OS CULEMBORG 50-1i;4;2035;;2035 - Q4;Liander;;
Extra capaciteit op knooppunt OS CULEMBORG 10-9i;OS CULEMBORG 50-1i;4;2035;;2035 - Q4;Liander;;
Extra capaciteit op knooppunt OS DOKKUM 10-1i;OS DOKKUM 10-1i;3;2031;;2031 - Q3;Liander;;
Extra capaciteit op knooppunt OS HERBAYUM 10-2i;OS HERBAYUM 10-2i;4;2030;;2030 - Q4;Liander;;
Extra capaciteit op knooppunt OS OTERLEEK 50-1i;OS SCHAGEN 10-4i;2;2029;;2029 - Q2;Liander;;
Extra capaciteit op knooppunt OS SCHAGEN 50-1i;OS SCHAGEN 10-4i;4;2032;;2032 - Q4;Liander;;
Nieuw HS/MS-station stichten Opwek en Afname;HGV;;2028-afname 2030-opwek;Update laatste inzichten;2028-afname 2030-opwek;Rendo;;
Transformator plaatsen - Tholen*;CM00;;2027;Investeringsplan;2027;Stedin;;
Transformatoren op steeltjes - Tholen*;CM00;;2027;Investeringsplan;2027;Stedin;;
Nieuw transformatorstation - Zierikzee*;CM00;;2027;Investeringsplan;2027;Stedin;;
Nieuw transformatorstation - Dordrecht Heliotroopring;CM02;;2025;Investeringsplan;2025;Stedin;;
Transformator verzwaren, kabels vervangen - Kortenoord;CM07;;2029;Investeringsplan;2029;Stedin;;
Nieuw transformatorstation - Zuidplaspolder;CM08;;2026;Investeringsplan;2026;Stedin;;
Nieuw transformatorstation - Linschoten;CM09;;2028;Investeringsplan;2028;Stedin;;
Nieuw transformatorstation - Utrecht Rijnenburg;CM10;;2033;Investeringsplan;2033;Stedin;;
Nieuw transformatorstation - Utrecht Vleuterweide;CM10;;2028;Investeringsplan;2028;Stedin;;
Transformator plaatsen - Utrecht Oudenrijn;CM10;;2029;Investeringsplan;2029;Stedin;;
Nieuw transformatorstation - Nieuw station Utrecht Noord*;CM12;;2030;Investeringsplan;2030;Stedin;;
Nieuw transformatorstation - Bilthoven;CM12;;2030;Investeringsplan;2030;Stedin;;
Transformator plaatsen - Bilthoven;CM12;;2027;Investeringsplan;2027;Stedin;;
Installatie uitbreiden, transformator verzwaren - Bilthoven;CM12;;2026;Investeringsplan;2026;Stedin;;
Nieuw transformatorstation - Mijdrecht;CM13;;2033;Investeringsplan;2033;Stedin;;
Transformator plaatsen - Utrecht Lage Weide;CM14;;2027;Investeringsplan;2027;Stedin;;
Nieuw transformatorstation, transformatoren plaatsen - Maarssenbroek 2;CM14;;2030;Investeringsplan;2030;Stedin;;
Transformator plaatsen - Utrecht Lage Weide;CM14;;2032;Investeringsplan;2032;Stedin;;
Nieuw transformatorstation - Soest 1;CM15;;2026;Investeringsplan;2026;Stedin;;
Nieuw transformatorstation - Bleiswijk 3;CM20;;2032;Investeringsplan;2032;Stedin;;
Kabels verzwaren, transformator verzwaren - Vianen;CM22;;2027;Investeringsplan;2027;Stedin;;
Kabels verzwaren, transformator verzwaren - Leerdam;CM22;;2027;Investeringsplan;2027;Stedin;;
Kabels aanleggen, nieuw transformatorstation - Leerdam;CM22;;2031;Investeringsplan;2031;Stedin;;
Kabels aanleggen, nieuw transformatorstation - Vianen;CM22;;2032;Investeringsplan;2032;Stedin;;
Kabels verzwaren, nieuw transformatorstation, transformatorstation uitbreiden - Nieuwpoort;CM22;;2029;Investeringsplan;2029;Stedin;;
Transformatoren plaatsen - Arkel*;CM22;;2030;Investeringsplan;2030;Stedin;;
Transformator verzwaren - Gorinchem;CM22;;2032;Investeringsplan;2032;Stedin;;
Nieuw transformatorstation - Gorinchem Noord;CM22;;2030;Investeringsplan;2030;Stedin;;
Kabels verzwaren - Verbinding Arkel - Gorinchem;CM22;;2024;Investeringsplan;2024;Stedin;;
Transformator plaatsen - Pijnacker 4;CM24;;2025;Investeringsplan;2025;Stedin;;
Installatie plaatsen, nieuw transformatorstation, transformator plaatsen - Den Haag Noord;CM26;;2030;Investeringsplan;2030;Stedin;;
Transformator verzwaren - Dordrecht Sterrenburg;CM29/45;;2028;Investeringsplan;2028;Stedin;;
Nieuw transformatorstation - Dordrecht Sterrenburg;CM29/45;;2030;Investeringsplan;2030;Stedin;;
Transformator plaatsen - Dordrecht Sterrenburg*;CM29/64;;2029;Investeringsplan;2029;Stedin;;
Kabels aanleggen - Verbinding Merwedehaven - Walburg;CM29/64;;2028;Investeringsplan;2028;Stedin;;
Aanpassingen storingsreserve - Verbinding Klaaswaal - Sterrenburg;CM29/64;;2024;Investeringsplan;2024;Stedin;;
Transformatoren plaatsen - Klaaswaal*;CM29/64;;2028;Investeringsplan;2028;Stedin;;
Transformator verzwaren - Oud-Beijerland;CM29/64;;2026;Investeringsplan;2026;Stedin;;
Nieuw transformatorstation - Reeuwijk*;CM31;;2028;Investeringsplan;2028;Stedin;;
Kabels aanleggen, transformatorstation uitbreiden, transformator plaatsen - Nootdorp 1;CM35;;2030;Investeringsplan;2030;Stedin;;
Nieuw transformatorstation - Pijnacker-Nootdorp;CM35;;2032;Investeringsplan;2032;Stedin;;
Installatie vervangen, transformator verzwaren - Doorn;CM36;;2026;Investeringsplan;2026;Stedin;;
Nieuw transformatorstation - Doorn;CM36;;2029;Investeringsplan;2029;Stedin;;
Transformator verzwaren - Driebergen;CM37;;2031;Investeringsplan;2031;Stedin;;
Transformator verzwaren - Driebergen;CM37;;2031;Investeringsplan;2031;Stedin;;
Transformator plaatsen, transformator verzwaren - Driebergen;CM37;;2026;Investeringsplan;2026;Stedin;;
Installatie uitbreiden, installatie vervangen - Driebergen;CM37;;2025;Investeringsplan;2025;Stedin;;
Nieuw transformatorstation - Driebergen;CM37;;2029;Investeringsplan;2029;Stedin;;
Installatie plaatsen, transformatorstation uitbreiden, transformatoren plaatsen - Veenendaal 1;CM38;;2029;Investeringsplan;2029;Stedin;;
Installatie uitbreiden - Nieuwegein;CM39;;2026;Investeringsplan;2026;Stedin;;
Nieuw transformatorstation - Bunnik Kromme Rijn;CM39;;2033;Investeringsplan;2033;Stedin;;
Installatie uitbreiden, transformator verzwaren - Wijk bij Duurstede;CM40;;2024;Investeringsplan;2024;Stedin;;
Installatie plaatsen, transformatoren plaatsen, transformatoren vervangen - Rilland*;CM44;;2030;Investeringsplan;2030;Stedin;;
Plaatsen koeling - Rotterdam Zuidwijk;CM47;;2027;Investeringsplan;2027;Stedin;;
Transformator verzwaren - Langeland;CM48;;2027;Investeringsplan;2027;Stedin;;
Transformator plaatsen - Merwedehaven;CM63;;2029;Investeringsplan;2029;Stedin;;
Transformator verzwaren - Merwedehaven;CM63;;2029;Investeringsplan;2029;Stedin;;
Kabels verzwaren - Verbinding Merwedehaven - Hardinxveld;CM63;;2026;Investeringsplan;2026;Stedin;;
Installatie plaatsen, kabels aanleggen, nieuw transformatorstation, transformator plaatsen - Rotterdam Rijnhaven*;CM47;;2031;Investeringsplan;2031;Stedin;;
Transformator verzwaren - Krimpen Langeland*;CM48;;2029;Investeringsplan;2029;Stedin;;
Installatie vervangen - Waaiersluis;TH009_10;;2027;Investeringsplan;2027;Stedin;;
Transformator verzwaren, installatie uitbreiden, installatie vervangen, stationsautomatisering vervangen - Gouda IJsseldijk;TH009_10;;2029;Investeringsplan;2029;Stedin;;
Installatie plaatsen - Delft 1;TH010_10;;2025;Investeringsplan;2025;Stedin;;
Kabels verzwaren, transformator verzwaren - Delft 1;TH010_10;;2027;Investeringsplan;2027;Stedin;;
Installatie uitbreiden - Zoetermeer 9;TH011_23;;2024;Investeringsplan;2024;Stedin;;
Installatie plaatsen, kabels aanleggen, nieuw transformatorstation, stationsautomatisering vervangen, transformator plaatsen - Rotterdam Botlek;TH021_10;;2033;Investeringsplan;2033;Stedin;;
Kabels verzwaren, transformator verzwaren - Rotterdam Botlek;TH021_10;;2029;Investeringsplan;2029;Stedin;;
Kabels verzwaren, transformator verzwaren - Rotterdam Botlek;TH021_10;;2028;Investeringsplan;2028;Stedin;;
Installatie plaatsen, installatie uitbreiden, kabels verzwaren, stationsautomatisering vervangen, transformator verzwaren - Rotterdam Europoort ;TH027_10;;2029;Investeringsplan;2029;Stedin;;
Installatie plaatsen, kabels aanleggen, nieuw transformatorstation, stationsautomatisering vervangen, transformator plaatsen - Rotterdam omgeving Europoort Merwedeweg;TH027_10;;2028;Investeringsplan;2028;Stedin;;
Installatie vervangen, kabels verwijderen, kabels verzwaren, transformator verzwaren, transformatoren verzwaren - Rotterdam Europoort 10 kV;TH027_10;;2027;Investeringsplan;2027;Stedin;;
Kabels aanpassen - Rotterdam Theemsweg;TH029_10;;2024;Investeringsplan;2024;Stedin;;
Installatie uitbreiden, kabels verzwaren, transformator verzwaren - Rotterdam Gerbrandyweg ;TH029_10;;2026;Investeringsplan;2026;Stedin;;
Installatie plaatsen, kabels aanleggen, nieuw transformatorstation, transformatoren op steeltjes, transformatoren plaatsen - Rotterdam Gerbrandyweg;TH029_10;;2025;Investeringsplan;2025;Stedin;;
Transformator verzwaren - Rotterdam Theemsweg;TH029_10;;2025;Investeringsplan;2025;Stedin;;
Kabels aanleggen, transformator verzwaren, transformatoren plaatsen - Rotterdam Oudeland;TH056_25;;2029;Investeringsplan;2029;Stedin;;
Transformator plaatsen - Rotterdam Havengebied Maasvlakte;TH058_23;;2025;Investeringsplan;2025;Stedin;;
Kabels aanleggen - Rotterdam Havengebied Maasvlakte;TH058_23;;2027;Investeringsplan;2027;Stedin;;
Nieuw transformatorstation - Rotterdam Havengebied Maasvlakte;TH058_23;;2026;Investeringsplan;2026;Stedin;;
Transformator plaatsen - Den Haag HVS Ypenburg;TH064_23;;2032;Investeringsplan;2032;Stedin;;
Transformatoren plaatsen - Ooltgensplaat*;TH086_13;;2028;Investeringsplan;2028;Stedin;;
Verbinding verzwaren - Verbinding Middelharnis - Klaaswaal*;TH086_13;;2028;Investeringsplan;2028;Stedin;;
Transformatoren verzwaren - Goes de Poel;TH201_10_A;;2033;Investeringsplan;2033;Stedin;;
Transformator plaatsen - Goes de Poel*;TH201_10_A;;2026;Investeringsplan;2026;Stedin;;
Installatie plaatsen, transformatorstation uitbreiden, transformator plaatsen - Westdorpe*;TH203_10_B;;2027;Investeringsplan;2027;Stedin;;
Installatie plaatsen, kabels aanpassen, transformatoren plaatsen - Westdorpe*;TH203_10_B;;2027;Investeringsplan;2027;Stedin;;
Installatie plaatsen, installatie verwijderen, transformator vervangen - Kruiningen*;TH209_10;;2028;Investeringsplan;2028;Stedin;;
Installatie plaatsen, transformatorstation uitbreiden, transformatoren plaatsen - Oostburg*;TH210_10;;2029;Investeringsplan;2029;Stedin;;
Transformatorstation uitbreiden - Middelburg*;TH212_10_AB;;2027;Investeringsplan;2027;Stedin;;
Installatie plaatsen, transformatorstation uitbreiden, transformatoren plaatsen - Terneuzen*;TH213_10;;2024;Investeringsplan;2024;Stedin;;
Transformatorstation uitbreiden - Borsele*;TH215_10_A;;2032;Investeringsplan;2032;Stedin;;
Installatie plaatsen, transformatoren plaatsen, transformatoren vervangen - Willem Annapolder*;TH230_10;;2031;Investeringsplan;2031;Stedin;;
Transformatorstation uitbreiden, transformator plaatsen - Vlissingen Oost*;TH231_20;;2028;Investeringsplan;2028;Stedin;;
Installatie uitbreiden - Vlissingen Oost*;TH231_20;;2027;Investeringsplan;2027;Stedin;;
Installatie vervangen, stationsautomatisering vervangen - Breukelen;TS040_10;;2027;Investeringsplan;2027;Stedin;;
Transformator plaatsen - Breukelen;TS040_10;;2029;Investeringsplan;2029;Stedin;;
Transformatoren plaatsen - Breukelen;TS040_10;;2024;Investeringsplan;2024;Stedin;;
Installatie plaatsen, transformatorstation uitbreiden, transformatoren plaatsen - Bunschoten;TS043_10;;2027;Investeringsplan;2027;Stedin;;
Installatie vervangen - Bunschoten;TS043_10;;2025;Investeringsplan;2025;Stedin;;
Transformator verzwaren - Zeist West;TS044_10;;2030;Investeringsplan;2030;Stedin;;
Kabels vervangen - Montfoort;CM57;;2027;Investeringsplan;2027;Stedin;;
Nieuw transformatorstation - Nieuw station Leusden 2;TS049_10;;2028;Investeringsplan;2028;Stedin;;
Installatie verwijderen, stationsautomatisering vervangen, transformator verzwaren - Lopik;CM58;;2028;Investeringsplan;2028;Stedin;;
Kabels verzwaren, stationsautomatisering vervangen - Nieuwegein Jutphaas;TS054_10;;2027;Investeringsplan;2027;Stedin;;
Transformator verzwaren - Veenendaal 2;TS059_10;;2031;Investeringsplan;2031;Stedin;;
Nieuw transformatorstation - Amersfoort 1.1;TS060_10;;2032;Investeringsplan;2032;Stedin;;
Nieuw transformatorstation - Amersfoort 2.1;TS061_10;;2031;Investeringsplan;2031;Stedin;;
Nieuw transformatorstation - Amersfoort 3.1;TS062_10;;2031;Investeringsplan;2031;Stedin;;
Transformatoren verzwaren - Soest 2;TS066_10;;2030;Investeringsplan;2030;Stedin;;
Installatie vervangen, stationsautomatisering vervangen - Soest 2;TS066_10;;2028;Investeringsplan;2028;Stedin;;
Nieuw transformatorstation - Amersfoort Noord*;TS066_10;;2029;Investeringsplan;2029;Stedin;;
Nieuw transformatorstation - Ijsselstein;TS068_10;;2033;Investeringsplan;2033;Stedin;;
Kabels aanleggen - Ijsselstein;TS068_10;;2027;Investeringsplan;2027;Stedin;;
Nieuw transformatorstation, transformatoren plaatsen - Vinkeveen Baambrugge;TS069_10;;2028;Investeringsplan;2028;Stedin;;
Transformator verzwaren - Vinkeveen;TS069_10;;2024;Investeringsplan;2024;Stedin;;
Kabels vervangen - Utrecht Blauwkapelseweg;TS078_10;;2028;Investeringsplan;2028;Stedin;;
Nieuw transformatorstation - Utrecht Kananeleneiland/Transwijk;CM59;;2028;Investeringsplan;2028;Stedin;;
Nieuw transformatorstation - Nieuw station Baarn 2 / Soest 3*;TS084_10;;2029;Investeringsplan;2029;Stedin;;
Nieuw transformatorstation - Utrecht Kernweg;TS085_10;;2028;Investeringsplan;2028;Stedin;;
Transformator verzwaren - Rotterdam Putselaan;TT005_10;;2027;Investeringsplan;2027;Stedin;;
Kabels verzwaren - Rotterdam Grindweg;TT010_10;;2030;Investeringsplan;2030;Stedin;;
Installatie uitbreiden, installatie vervangen, kabels verzwaren, transformator verzwaren - Rotterdam Hoogvliet;TT011_10;;2033;Investeringsplan;2033;Stedin;;
Kabels vervangen - Rotterdam Verbinding Hoogvliet - Petroleumweg;TT011_10;;2026;Investeringsplan;2026;Stedin;;
Installatie plaatsen, transformator plaatsen - Spijkenisse;TT012_10;;2027;Investeringsplan;2027;Stedin;;
Transformator plaatsen - Geervliet;TT012_10;;2028;Investeringsplan;2028;Stedin;;
Installatie plaatsen, kabels aanleggen, transformatorstation uitbreiden, transformator plaatsen - Rotterdam De Haak;TT016_10;;2030;Investeringsplan;2030;Stedin;;
Nieuw transformatorstation - Brielle;TT023_10;;2030;Investeringsplan;2030;Stedin;;
Transformator verzwaren - Rotterdam IJsselmonde;TT026_10;;2032;Investeringsplan;2032;Stedin;;
Installatie vervangen, stationsautomatisering vervangen - Delft 3;TT028_10;;2026;Investeringsplan;2026;Stedin;;
Kabels aanleggen, transformator plaatsen, transformatoren op steeltjes - Rotterdam Boomgaardshoek;TT033_10;;2030;Investeringsplan;2030;Stedin;;
Nieuw transformatorstation - Delft 7*;TT038_10;;2027;Investeringsplan;2027;Stedin;;
Transformator verzwaren - Capelle aan den IJssel Centrum;TT040_13;;2029;Investeringsplan;2029;Stedin;;
Nieuw transformatorstation - Zoetermeer 2*;TT043_10;;2027;Investeringsplan;2027;Stedin;;
Nieuw transformatorstation - Zoetermeer 3*;TT044_10;;2027;Investeringsplan;2027;Stedin;;
Nieuw transformatorstation - Zoetermeer 4*;TT045_10;;2027;Investeringsplan;2027;Stedin;;
Nieuw transformatorstation - Zoetermeer 8*;TT047_10;;2027;Investeringsplan;2027;Stedin;;
Nieuw transformatorstation - Zoetermeer 13*;TT049_10;;2027;Investeringsplan;2027;Stedin;;
Installatie plaatsen, kabels aanleggen, transformatorstation uitbreiden, transformatoren plaatsen - Den Haag Appelstraat;TT051_10;;2029;Investeringsplan;2029;Stedin;;
Installatie plaatsen, transformatoren plaatsen - Den Haag HVS-Oost;TT052_10;;2029;Investeringsplan;2029;Stedin;;
Kabels aanleggen, transformator plaatsen - Den Haag HVS-Centrale*;TT053_10;;2030;Investeringsplan;2030;Stedin;;
Installatie plaatsen, transformator plaatsen - Den Haag HVS-Zuid;TT054_10;;2027;Investeringsplan;2027;Stedin;;
Nieuw transformatorstation - Den Haag Escamp*;TT057_10;;2030;Investeringsplan;2030;Stedin;;
Installatie vervangen, transformator verzwaren - Gouda Bolwerk;TT072_10;;2033;Investeringsplan;2033;Stedin;;
Kabels aanleggen, nieuw transformatorstation - Sliedrecht*;TT082_13;;2028;Investeringsplan;2028;Stedin;;
Transformator verzwaren - Hardinxveld;TT082_13;;2027;Investeringsplan;2027;Stedin;;
Transformator verzwaren - Papendrecht;TT088_13;;2027;Investeringsplan;2027;Stedin;;
Transformator verzwaren - Ridderkerk;TT089_13;;2028;Investeringsplan;2028;Stedin;;
Nieuw transformatorstation - Ridderkerk Bolnes*;TT089_13;;2028;Investeringsplan;2028;Stedin;;
Transformator verzwaren - Walburg;TT094_13;;2028;Investeringsplan;2028;Stedin;;
Nieuw transformatorstation - Walburg;TT094_13;;2032;Investeringsplan;2032;Stedin;;
Transformator plaatsen - Alblasserdam;TT095_13;;2031;Investeringsplan;2031;Stedin;;
Transformator verzwaren - Zwarte Paard;TT095_13;;2026;Investeringsplan;2026;Stedin;;
Nieuw transformatorstation - Berkel 1;TT104_10;;2028;Investeringsplan;2028;Stedin;;
Kabels aanleggen - Delft 3;TT110_10;;2031;Investeringsplan;2031;Stedin;;
Kabels aanleggen - Bergschenhoek;TT114_10;;2032;Investeringsplan;2032;Stedin;;
Installatie plaatsen, kabels aanleggen, transformator plaatsen - Delft 1;TT119_23;;2031;Investeringsplan;2031;Stedin;;
Transformator verzwaren - Slikkerveer;TT143_13;;2031;Investeringsplan;2031;Stedin;;
Installatie plaatsen, kabels aanleggen, transformatorstation uitbreiden, transformatoren plaatsen, transformatoren vervangen - Cambron*;TT220_10;;2030;Investeringsplan;2030;Stedin;;
Plaatsen aanblaaskoeling - Goes;TT228_10;;2028;Investeringsplan;2028;Stedin;;
Velden bouwen - Goes*;TT228_10;;2026;Investeringsplan;2026;Stedin;;
Installatie vervangen, kabels aanleggen, transformatoren plaatsen - Delft 4;TZ018_10;;2029;Investeringsplan;2029;Stedin;;
nUTN150 realiseren station;Flevopolder, Utrecht en Gelderland;;2033;Tussentijdse update;2033;TenneT;;
BKK150 FGU pocket;Flevopolder, Utrecht en Gelderland;;2030;Tussentijdse update;2030;TenneT;;
BKK380 BKK150 verzwaren naar triplerail;Flevopolder, Utrecht en Gelderland;;2030;Tussentijdse update;2030;TenneT;;
ODR150 realiseren station;Flevopolder, Utrecht en Gelderland;;2028;Investeringsplan;2028;TenneT;;
nAMFN150 realiseren station;Flevopolder, Utrecht en Gelderland;;2031;Tussentijdse update;2031;TenneT;;
LLS380 verzwaren pocket FGU;Flevopolder, Utrecht en Gelderland;;2029;Investeringsplan;2029;TenneT;;
ULW-SOS150 vervangen verbinding;Flevopolder, Utrecht en Gelderland;;2033;Tussentijdse update;2033;TenneT;;
DOD150 verzwaren pocket FGU;Flevopolder, Utrecht en Gelderland;;2029;Investeringsplan;2029;TenneT;;
DRT-DOD-ZBM-TL150 verzwaren verbinding;Flevopolder, Utrecht en Gelderland;;2032;Tussentijdse update;2032;TenneT;;
DOD380 verzwaren pocket FGU;Flevopolder, Utrecht en Gelderland;;2029;Investeringsplan;2029;TenneT;;
DTC380 LGK150 verzwaren pocket FGU;Flevopolder, Utrecht en Gelderland;;2029-2035;Tussentijdse update;2029-2035;TenneT;;
DOD-EDE150 verzwaren verbinding;Flevopolder, Utrecht en Gelderland;;2029-2031;Investeringsplan;2029-2031;TenneT;;
ZV150 inlussen NM-LGK150;Flevopolder, Utrecht en Gelderland;;2029-2031;Investeringsplan;2029-2031;TenneT;;
LGK-ZP150 verzwaren verbinding;Flevopolder, Utrecht en Gelderland;;2029-2031;Investeringsplan;2029-2031;TenneT;;
WCN380 realiseren station;Noord-Brabant;;2033;Tussentijdse update;2033;TenneT;;
ZP-LC150 verzwaren verbinding Achterhoek;Flevopolder, Utrecht en Gelderland;;2030-2032;Investeringsplan;2030-2032;TenneT;;
Eerbeek 150 realiseren station;Flevopolder, Utrecht en Gelderland;;2032-2034;Investeringsplan;2032-2034;TenneT;;
WHS-EBK150 realiseren 3e circuit;Flevopolder, Utrecht en Gelderland;;2032-2034;Investeringsplan;2032-2034;TenneT;;
NM-DOD150 verzwaren verbinding;Flevopolder, Utrecht en Gelderland;;2033-2035;Investeringsplan;2033-2035;TenneT;;
Rivierengebied380 realiseren pocket;Flevopolder, Utrecht en Gelderland;;2033-2035;Investeringsplan;2033-2035;TenneT;;
UF150 vervangen station;Flevopolder, Utrecht en Gelderland;;2033-2035;Investeringsplan;2033-2035;TenneT;;
LSM220 TR, BWD110 realiseren station;Friesland;;2024;Investeringsplan;2024;TenneT;;
Netversterking Friesland 110kV;Friesland;;2026;Investeringsplan;2026;TenneT;;
BWD110 realiseren station en verbinding;Friesland;;2026;Investeringsplan;2026;TenneT;;
Oostelijk Friesland verzwaren netwerk;Friesland;;2027;Investeringsplan;2027;TenneT;;
BSD110 realiseren station;Friesland;;2027;Investeringsplan;2027;TenneT;;
Westring Friesland 110 kV verzwaring;Friesland;;2027;Investeringsplan;2027;TenneT;;
Sneek 2 110 realiseren station;Friesland;;2029;Investeringsplan;2029;TenneT;;
GNHU GNBS110 stationswerk;GDO, Noordelijk deelgebied;;2024;Investeringsplan;2024;TenneT;;
MEE220 uitbreiden rail;GDO, Noordelijk deelgebied;;2025;Investeringsplan;2025;TenneT;;
DZW110 aanpassen station;GDO, Noordelijk deelgebied;;2026;Investeringsplan;2026;TenneT;;
EHM110 uitbreiden rail;GDO, Noordelijk deelgebied;;2027;Investeringsplan;2027;TenneT;;
MSK380 realiseren station;GDO, Noordelijk deelgebied;;2027;Investeringsplan;2027;TenneT;;
GLTK-VDM110-MEE110 verzwaren verbinding;GDO, Noordelijk deelgebied;;2027;Investeringsplan;2027;TenneT;;
GLTK110 VDM110 MEE110 KWD110 stationwerk;GDO, Noordelijk deelgebied;;2027;Investeringsplan;2027;TenneT;;
BGMR-MEE110 verzwaren verbinding;GDO, Noordelijk deelgebied;;2028;Investeringsplan;2028;TenneT;;
MSK110 inlussen station;GDO, Noordelijk deelgebied;;2028;Investeringsplan;2028;TenneT;;
VOB380 realiseren station;GDO, Noordelijk deelgebied;;2029;Investeringsplan;2029;TenneT;;
Groningen stad verzwaren 110kV;GDO, Noordelijk deelgebied;;2029;Investeringsplan;2029;TenneT;;
FSO220 FSO110 realiseren station;GDO, Noordelijk deelgebied;;2029-2031;Investeringsplan;2029-2031;TenneT;;
VOB110 realiseren station;GDO, Noordelijk deelgebied;;2029-2031;Investeringsplan;2029-2031;TenneT;;
WT220 realiseren station/pocket HGV DON;GDO, Noordelijk deelgebied;;2029-2031;Investeringsplan;2029-2031;TenneT;;
FSO110 aansluiten CES Noord Nederland;GDO, Noordelijk deelgebied;;2029-2031;Investeringsplan;2029-2031;TenneT;;
Meeden2 110 realiseren station;GDO, Noordelijk deelgebied;;2031-2033;Investeringsplan;2031-2033;TenneT;;
Deelnet Emmen;GDO, Noordelijk deelgebied;;2031-2033;Investeringsplan;2031-2033;TenneT;;
Kropswolde2 110 realiseren station;GDO, Noordelijk deelgebied;;2032-2034;Investeringsplan;2032-2034;TenneT;;
MEE-WS110 realiseren verbinding;GDO, Noordelijk deelgebied;;>2033;Investeringsplan;>2033;TenneT;;
HGLW-HGLO110 verzwaren verbinding;GDO, Zuidelijk deelgebied;;2024;Investeringsplan;2024;TenneT;;
rGO110 pocket Goor;GDO, Zuidelijk deelgebied;;2025;Investeringsplan;2025;TenneT;;
HCL110 pocket Harculo;GDO, Zuidelijk deelgebied;;2027;Investeringsplan;2027;TenneT;;
rAMLM110 pocket Almelo;GDO, Zuidelijk deelgebied;;2028;Investeringsplan;2028;TenneT;;
Driehoek Twente 110 verzwaren verbinding;GDO, Zuidelijk deelgebied;;2028;Investeringsplan;2028;TenneT;;
HGL380 plaatsen TR;GDO, Zuidelijk deelgebied;;2029-2031;Investeringsplan;2029-2031;TenneT;;
Drents Overijsselse Netversterking 110kV;GDO, Zuidelijk deelgebied;;2029-2031;Investeringsplan;2029-2031;TenneT;;
Deelnet Enschede;GDO, Zuidelijk deelgebied;;2030-2032;Investeringsplan;2030-2032;TenneT;;
Raalte2 110 realiseren station Salland;GDO, Zuidelijk deelgebied;;>2033;Investeringsplan;>2033;TenneT;;
MEE220 uitbreiden rail;Groningen 220/20;;2025;Investeringsplan;2025;TenneT;;
DZW110 aanpassen station;Groningen Oost;;2026;Investeringsplan;2026;TenneT;;
EHM110 uitbreiden rail;Groningen Oost;;2027;Investeringsplan;2027;TenneT;;
GLTK-VDM110-MEE110 verzwaren verbinding;Groningen Oost;;2027;Investeringsplan;2027;TenneT;;
GLTK110 VDM110 MEE110 KWD110 stationwerk;Groningen Oost;;2027;Investeringsplan;2027;TenneT;;
FSO220 FSO110 realiseren station;Groningen Oost;;2029-2031;Investeringsplan;2029-2031;TenneT;;
FSO110 aansluiten CES Noord Nederland;Groningen Oost;;2029-2031;Investeringsplan;2029-2031;TenneT;;
Meeden2 110 realiseren station;Groningen Oost;;2031-2033;Investeringsplan;2031-2033;TenneT;;
Kropswolde2 110 realiseren station;Groningen Oost;;2032-2034;Investeringsplan;2032-2034;TenneT;;
MEE-WS110 realiseren verbinding;Groningen Oost;;>2033;Investeringsplan;>2033;TenneT;;
GNHU GNBS110 stationswerk;Groningen West;;2024;Investeringsplan;2024;TenneT;;
Groningen stad verzwaren 110kV;Groningen West;;2029;Investeringsplan;2029;TenneT;;
MSK380 realiseren station;Drenthe;;2027;Investeringsplan;2027;TenneT;;
BGMR-MEE110 verzwaren verbinding;Drenthe;;2028;Investeringsplan;2028;TenneT;;
MSK110 inlussen station;Drenthe;;2028;Investeringsplan;2028;TenneT;;
VOB380 realiseren station;Drenthe;;2029;Investeringsplan;2029;TenneT;;
VOB110 realiseren station;Drenthe;;2029-2031;Investeringsplan;2029-2031;TenneT;;
WT220 realiseren station/pocket HGV DON;Drenthe;;2029-2031;Investeringsplan;2029-2031;TenneT;;
Deelnet Emmen;Drenthe;;2031-2033;Investeringsplan;2031-2033;TenneT;;
Drents Overijsselse Netversterking 110kV;Drenthe;;2029-2031;Investeringsplan;2029-2031;TenneT;;
HGLW-HGLO110 verzwaren verbinding;Overijssel;;2024;Investeringsplan;2024;TenneT;;
rGO110 pocket Goor;Overijssel;;2025;Investeringsplan;2025;TenneT;;
HCL110 pocket Harculo;Overijssel;;2027;Investeringsplan;2027;TenneT;;
rAMLM110 pocket Almelo;Overijssel;;2028;Investeringsplan;2028;TenneT;;
Driehoek Twente 110 verzwaren verbinding;Overijssel;;2028;Investeringsplan;2028;TenneT;;
HGL380 plaatsen TR;Overijssel;;2029-2031;Investeringsplan;2029-2031;TenneT;;
Drents Overijsselse Netversterking 110kV;Overijssel;;2029-2031;Investeringsplan;2029-2031;TenneT;;
Deelnet Enschede;Overijssel;;2030-2032;Investeringsplan;2030-2032;TenneT;;
Raalte2 110 realiseren station Salland;Overijssel;;>2033;Investeringsplan;>2033;TenneT;;
ERP150 verzwaren station;Haven van Rotterdam;;2026;Investeringsplan;2026;TenneT;;
SMH380 verzwaren station;Haven van Rotterdam;;2027;Investeringsplan;2027;TenneT;;
MWDW150 realiseren station;Haven van Rotterdam;;2027;Investeringsplan;2027;TenneT;;
Hoeksche Waard 150 realiseren station;Haven van Rotterdam;;2029;Investeringsplan;2029;TenneT;;
SMH380 realiseren pocket;Haven van Rotterdam;;2027-2029;Investeringsplan;2027-2029;TenneT;;
TWG150 aansluiten TNT150 en MSW150;Haven van Rotterdam;;2030-2032;Investeringsplan;2030-2032;TenneT;;
ERP380 realiseren station;Haven van Rotterdam;;2030-2032;Investeringsplan;2030-2032;TenneT;;
AMH380 realiseren station;Maasvlakte;;2027;Investeringsplan;2027;TenneT;;
MBT-EHV380 verzwaren verbinding;Limburg;;2026;Investeringsplan;2026;TenneT;;
BORN-GRTH150 realiseren circuit verv.GIS;Limburg;;2027;Investeringsplan;2027;TenneT;;
LUTT-BORN-MBT150 verzwaren verbinding;Limburg;;2027;Investeringsplan;2027;TenneT;;
MBT380 MBT150 vervangen stations;Limburg;;2027;Investeringsplan;2027;TenneT;;
BMR-VENR150 verzwaren verbinding;Limburg;;2026;Investeringsplan;2026;TenneT;;
BOEK-BLER150 verzwaren verbinding;Limburg;;2029;Investeringsplan;2029;TenneT;;
BUGG-BLOSS-BLER150 verzwaren verbinding;Limburg;;2029;Investeringsplan;2029;TenneT;;
BMR150 uitbreiden rail;Limburg;;2030;Tussentijdse update;2030;TenneT;;
BMR380 realiseren station;Limburg;;2030;Tussentijdse update;2030;TenneT;;
BUGG-KELP-NEDW150 verzwaren verbinding;Limburg;;2029-2031;Investeringsplan;2029-2031;TenneT;;
GRTH380 realiseren station;Limburg;;2031-2034;Tussentijdse update;2031-2034;TenneT;;
HPT150 aanpassen station;Noord-Brabant;;2025;Investeringsplan;2025;TenneT;;
TBN150 BT150 EHVN150 verzwaren stations;Noord-Brabant;;2026;Investeringsplan;2026;TenneT;;
WDT-BOZ150 realiseren kabelvelden;Noord-Brabant;;2026;Investeringsplan;2026;TenneT;;
GT380 plaatsen TR;Noord-Brabant;;2026;Investeringsplan;2026;TenneT;;
WW150 plaatsen DRTs;Noord-Brabant;;2028;Tussentijdse update;2028;TenneT;;
BT-BXT-TN150 verzwaren verbinding;Noord-Brabant;;2027;Investeringsplan;2027;TenneT;;
WDT-BOZ150 verzwaren verbinding;Noord-Brabant;;2027;Investeringsplan;2027;TenneT;;
TLB380, realiseren nieuw 380kV-station ;Noord-Brabant;;2027;Investeringsplan;2027;TenneT;;
MZ-EHVO150 verzwaren verbinding;Noord-Brabant;;2028;Investeringsplan;2028;TenneT;;
BOZ-HST-DTO150 realiseren verbinding;Noord-Brabant;;2029;Investeringsplan;2029;TenneT;;
nWCN150 realiseren station;Noord-Brabant;;2033;Tussentijdse update;2033;TenneT;;
EHVZ-HPT150 verzwaren verbinding;Noord-Brabant;;2029-2031;Investeringsplan;2029-2031;TenneT;;
nOST150 realiseren station;Noord-Brabant;;2029-2031;Investeringsplan;2029-2031;TenneT;;
nWCN-OS150 realiseren verbinding;Noord-Brabant;;2033;Tussentijdse update;2033;TenneT;;
POM380 realiseren station;Noord-Brabant;;2031-2033;Investeringsplan;2031-2033;TenneT;;
POM150 realiseren station;Noord-Brabant;;2031-2033;Investeringsplan;2031-2033;TenneT;;
MDM-DWL150 realiseren verbinding;Noord-Holland;;2025;Investeringsplan;2025;TenneT;;
VHZ-NMR-RBZ150 realiseren verbinding;Noord-Holland;;2025;Investeringsplan;2025;TenneT;;
VLN-BVW-OTL150 verzwaren verbinding;Noord-Holland;;2026;Investeringsplan;2026;TenneT;;
RBZ150 realiseren station;Noord-Holland;;2026;Investeringsplan;2026;TenneT;;
OZN150 realiseren station;Noord-Holland;;2026;Investeringsplan;2026;TenneT;;
ZBE150 realiseren station;Noord-Holland;;2026;Investeringsplan;2026;TenneT;;
BVW380 plaatsen TR en SP;Noord-Holland;;2026;Investeringsplan;2026;TenneT;;
OTL150 aansluiten velden en SP;Noord-Holland;;2026;Investeringsplan;2026;TenneT;;
nHMW150 realiseren station;Noord-Holland;;2027;Investeringsplan;2027;TenneT;;
OZN-NDK150 realiseren verbinding;Noord-Holland;;2027;Investeringsplan;2027;TenneT;;
NMR150 uitbreiden station;Noord-Holland;;2028;Investeringsplan;2028;TenneT;;
ADS150 realiseren station;Noord-Holland;;2028;Investeringsplan;2028;TenneT;;
VHZ380 plaatsen 4e TR;Noord-Holland;;2028;Investeringsplan;2028;TenneT;;
BVW380 plaatsen 4e TR;Noord-Holland;;2029-2031;Investeringsplan;2029-2031;TenneT;;
OZN380 plaatsen TR;Noord-Holland;;2029-2031;Investeringsplan;2029-2031;TenneT;;
AMV150 realiseren 2 stations en verb.;Noord-Holland;;2029-2031;Investeringsplan;2029-2031;TenneT;;
nA4Z westzijde 150 realiseren station;Noord-Holland;;2029-2031;Investeringsplan;2029-2031;TenneT;;
BLO150 realiseren station;Noord-Holland;;2029-2031;Investeringsplan;2029-2031;TenneT;;
nADW150 realiseren station;Noord-Holland;;2029-2031;Investeringsplan;2029-2031;TenneT;;
nHLK150 realiseren station;Noord-Holland;;2029-2031;Investeringsplan;2029-2031;TenneT;;
nA9Zuid380 realiseren station;Noord-Holland;;2029-2031;Investeringsplan;2029-2031;TenneT;;
nAdam ZO380 realiseren station;Noord-Holland;;2029-2031;Investeringsplan;2029-2031;TenneT;;
nAdam ZO150 realiseren station;Noord-Holland;;2029-2031;Investeringsplan;2029-2031;TenneT;;
nBKLM150 realiseren station;Noord-Holland;;2031-2033;Investeringsplan;2031-2033;TenneT;;
nAdam ZO realiseren pocket;Noord-Holland;;2031-2033;Investeringsplan;2031-2033;TenneT;;
DIM-ZBE150 realiseren verbinding;Noord-Holland;;2031-2033;Investeringsplan;2031-2033;TenneT;;
DIM-GVL150 realiseren 3e circuit;Noord-Holland;;2032-2034;Investeringsplan;2032-2034;TenneT;;
nA10Noord-MDM380 realiseren VB stations;Noord-Holland;;>2033;Investeringsplan;>2033;TenneT;;
MDM-DWL150 realiseren verbinding;Noord-Holland Noord;;2025;Investeringsplan;2025;TenneT;;
VLN-BVW-OTL150 verzwaren verbinding;Noord-Holland Noord;;2026;Investeringsplan;2026;TenneT;;
BVW380 plaatsen TR en SP;Noord-Holland Noord;;2026;Investeringsplan;2026;TenneT;;
OTL150 aansluiten velden en SP;Noord-Holland Noord;;2026;Investeringsplan;2026;TenneT;;
BVW380 plaatsen 4e TR;Noord-Holland Noord;;2029-2031;Investeringsplan;2029-2031;TenneT;;
nHLK150 realiseren station;Noord-Holland Noord;;2029-2031;Investeringsplan;2029-2031;TenneT;;
nBKLM150 realiseren station;Noord-Holland Noord;;2031-2033;Investeringsplan;2031-2033;TenneT;;
nA10Noord-MDM380 realiseren VB stations;Noord-Holland Noord;;>2033;Investeringsplan;>2033;TenneT;;
LTK110 EMZ110 uitbreiden rail;Noordoostpolder;;2027;Investeringsplan;2027;TenneT;;
ENS380 plaatsen TR;Noordoostpolder;;2029;Investeringsplan;2029;TenneT;;
LTK-EMZ110 verzwaren verbinding;Noordoostpolder;;2029-2031;Investeringsplan;2029-2031;TenneT;;
BSL-GSP-TNZ150 verzwaren verbinding;Zeeland;;2026;Investeringsplan;2026;TenneT;;
HST150 ZRZ150 realiseren station;Zeeland;;2029;Investeringsplan;2029;TenneT;;
HST380 realiseren station;Zeeland;;2029;Investeringsplan;2029;TenneT;;
BSL-RLL380 verzwaren verbinding;Zeeland;;2029-2031;Investeringsplan;2029-2031;TenneT;;
BSL380 plaatsen TR;Zeeland;;2029-2031;Investeringsplan;2029-2031;TenneT;;
TNZ150 realiseren station;Zeeland;;2032-2034;Investeringsplan;2032-2034;TenneT;;
TNZ-WDO150 verzwaren verbinding;Zeeland;;2033-2035;Investeringsplan;2033-2035;TenneT;;
BSL-GSP-TNZ150 aanpassen verbinding;Zeeland;;2033-2035;Investeringsplan;2033-2035;TenneT;;
TNZ380 realiseren station;Zeeland;;>2033;Investeringsplan;>2033;TenneT;;
ZVH150 realiseren station;Zuid-Holland;;2026;Investeringsplan;2026;TenneT;;
HWR150 realiseren station;Zuid-Holland;;2028;Investeringsplan;2028;TenneT;;
nRDK150 realiseren station;Zuid-Holland;;2028;Investeringsplan;2028;TenneT;;
HWR150 inlussen ZT-AP150;Zuid-Holland;;2029;Investeringsplan;2029;TenneT;;
AK150 vervangen station plus 3e circuit;Zuid-Holland;;2029-2031;Investeringsplan;2029-2031;TenneT;;
KIJ380 plaatsen 4e TR;Zuid-Holland;;2030-2032;Investeringsplan;2030-2032;TenneT;;
GV150 verzwaren station en netwerk;Zuid-Holland;;2030-2032;Investeringsplan;2030-2032;TenneT;;
CST380 plaatsen 4e TR;Zuid-Holland;;2032-2034;Investeringsplan;2032-2034;TenneT;;
BWK380 plaatsen 4e TR;Zuid-Holland;;2032-2034;Investeringsplan;2032-2034;TenneT;;
LD-HWR150 realiseren 3e circuit;Zuid-Holland;;2032-2034;Investeringsplan;2032-2034;TenneT;;
RW-WTR-YPB150 verzwaren verbindingen;Zuid-Holland;;2032-2034;Investeringsplan;2032-2034;TenneT;;
ZVH-GD150 realiseren verbinding;Zuid-Holland;;2032-2034;Investeringsplan;2032-2034;TenneT;;
WTR380 plaatsen 4e TR;Zuid-Holland;;>2033;Investeringsplan;>2033;TenneT;;
;nan;;;;-;TenneT;;
;nan;;;;-;TenneT;;
;nan;;;;-;TenneT;;
;nan;;;;-;TenneT;;
;S;;;;-;TenneT;;
