voedingsgebied_id;jaar;aanwezige_transportcapaciteit_invoeding;aanwezige_transportcapaciteit_afname;benodigde_transportcapaciteit_invoeding;benodigde_transportcapaciteit_afname;unieke_verzoeken_invoeding;unieke_verzoeken_afname;wachtrij_invoeding;wachtrij_afname;info;congestie_url;jaartal_opgelost_invoeding;jaartal_opgelost_afname;kwartaal;start;eind;RNB
OS DOKKUM 10-1i;2025;22,0;22,0;26,4;18,7;12,0;17,0;2,476;6,99953;;;2031,0;2031,0;4,0;2025-01-01;2025-12-31;Liander
OS DOETINCHEM 20-7i;2025;;;;;;;;;;;;;4,0;2025-01-01;2025-12-31;Liander
OS DOETINCHEM 20-6i;2025;;;;;;;;;;;;;4,0;2025-01-01;2025-12-31;Liander
OS DOETINCHEM 10-5i;2025;106,0;49,0;43,6;48,9;38,0;46,0;12,329;13,39904;;;2026,0;;4,0;2025-01-01;2025-12-31;Liander
OS DOETINCHEM 10-3i;2025;138,3;69,3;23,4;65,9;40,0;50,0;11,366;8,81666;;;;;4,0;2025-01-01;2025-12-31;Liander
OS DODEWAARD 10-1i;2025;96,0;48,0;57,5;54,0;44,0;51,0;16,171;9,27318;;;2033,0;2033,0;4,0;2025-01-01;2025-12-31;Liander
OS DEN HELDER VOGELWIJK 10-1i;2025;19,8;19,8;6,9;18,2;;11,0;;14,55827;;;2032,0;2032,0;4,0;2025-01-01;2025-12-31;Liander
OS DEN HELDER DE SCHOOTEN 10-2i;2025;44,0;44,0;38,4;19,7;23,0;20,0;3,394;8,87697;;;2032,0;2032,0;4,0;2025-01-01;2025-12-31;Liander
OS DE WEEL 20-1i;2025;132,0;88,0;106,6;66,9;72,0;87,0;20,883;39,23575;;;2026,0;2026,0;4,0;2025-01-01;2025-12-31;Liander
OS DE VAART 10-3i;2025;91,5;57,3;28,2;16,7;5,0;9,0;10,635;20,05689;;;2031,0;;4,0;2025-01-01;2025-12-31;Liander
OS DE VAART 10-1i;2025;116,0;69,3;17,6;44,0;46,0;42,0;22,394;13,52879;;;2031,0;;4,0;2025-01-01;2025-12-31;Liander
OS DALE 10-1i;2025;114,0;57,0;72,5;77,6;39,0;56,0;13,014;9,37179;;;2033,0;2033,0;4,0;2025-01-01;2025-12-31;Liander
OS CULEMBORG 50-1i;2025;;;;;49,0;76,0;16,44;19,4315;;;;;4,0;2025-01-01;2025-12-31;Liander
OS CULEMBORG 10-2i;2025;22,2;14,7;20,9;18,7;4,0;7,0;0,657;1,02095;;;2035,0;2035,0;4,0;2025-01-01;2025-12-31;Liander
OS CULEMBORG 10-1i;2025;51,6;44,1;60,2;60,4;45,0;69,0;15,783;18,41055;;;2035,0;2035,0;4,0;2025-01-01;2025-12-31;Liander
OS CRAILO 10-1i;2025;36,0;36,0;7,3;18,4;;9,0;;0,75677;;;2029,0;;4,0;2025-01-01;2025-12-31;Liander
WS;2025;52,78;58,02;50,0;0,147;14,0;2,0;2,967;2,374;;;2030,0;2025,0;;;;Enexis
WRTH;2025;70,49;78,16;67,63087991924273;37,51412904016404;23,0;16,0;15,588;25,951;;;2030,0;2025,0;;;;Enexis
WEW;2025;509,12;518,04;357,73653749;227,49851944351;50,0;7,0;62,55;10,225;;;2025,0;2025,0;;;;Enexis
WVV;2025;33,0;36,58;4,49131833961475;22,62878183290236;20,0;26,0;2,808;10,215;;;2025,0;;;;;Enexis
WSMR;2025;52,83;57,84;53,70296568272209;51,2698521794556;22,0;29,0;4,961;16,886;;;2026,0;2026,0;;;;Enexis
ZLH;2025;90,73;90,73;71,8352533;73,72323987975085;31,0;33,0;43,715;40,424;;;;;;;;Enexis
ZLF;2025;56,49;61,53;24,88551224976293;58,31982011313502;20,0;49,0;9,261;26,512;;;2025,0;2029,0;;;;Enexis
Westerlee;2025;378,0;378,0;378,0;240,0;171,0;0,0;104,0;0,0;;;;;;;;Westland
WW;2025;152,48;167,51;88,16351924562287;107,7487268444957;114,0;126,0;55,465;54,461;;;2030,0;2030,0;;;;Enexis
BEEK;2025;43,19;43,19;25,08695042106684;34,12259521776798;28,0;39,0;10,052;17,999;;;2029,0;2029,0;;;;Enexis
BD;2025;174,23;187,14;65,71170609999999;145,8853662489691;53,0;170,0;15,537;53,1;;;2025,0;2028,0;;;;Enexis
BBS;2025;21,6;21,6;9,424665263440785;19,22742794212709;16,0;30,0;31,632;10,201;;;;2029,0;;;;Enexis
Amstelveen;2025;63,0;56,0;21,6;50,6;;;;;;;;;4,0;2025-01-01;2025-12-31;Liander
ZYV;2025;34,99;36,37;56,41948329039207;34,85671018834668;17,0;27,0;31,318;13,3;;;2026,0;2026,0;;;;Enexis
AMLM;2025;98,0;104,29;30,21485310000001;70,54053972956306;44,0;41,0;14,527999999999999;10,964;;;2025,0;2025,0;;;;Coteq, Enexis
OS DOKKUM 20kV 20-1i;2025;55,0;55,0;33,7;38,8;20,0;19,0;5,198;8,91095;;;2031,0;2031,0;4,0;2025-01-01;2025-12-31;Liander
BOEK;2025;181,94;195,23;118,4427197323611;23,94016772957644;39,0;50,0;36,792;64,105;;;2025,0;2025,0;;;;Enexis
BLER;2025;109,52;110,75;24,43348190323758;85,55303545592659;44,0;75,0;14,352;32,925;;;2025,0;2030,0;;;;Enexis
TT228_10;2025;;;;;0,0;18,0;0,0;3,377;;;;;;;;Stedin
TT224_10_A;2025;;;;;0,0;12,0;0,0;10,367;;;;;;;;Stedin
TT220_10;2025;;;;;0,0;13,0;0,0;4,424;;;;;;;;Stedin
TT219_10_B;2025;;;;;0,0;0,0;0,0;0,0;;;;;;;;Stedin
TT219_10_A;2025;;;;;0,0;0,0;0,0;0,0;;;;;;;;Stedin
TT211_10;2025;;;;;0,0;0,0;0,0;0,0;;;;;;;;Stedin
TT146_23;2025;;;;;0,0;0,0;0,0;0,0;;;;;;;;Stedin
TT143_13;2025;;;;;0,0;0,0;0,0;0,0;;;;;;;;Stedin
TT141_13;2025;;;;;0,0;0,0;0,0;0,0;;;;;;;;Stedin
TT137_13;2025;;;;;0,0;0,0;0,0;0,0;;;;;;;;Stedin
TT134_23;2025;;;;;0,0;0,0;0,0;0,0;;;;;;;;Stedin
TT133_23;2025;;;;;0,0;0,0;0,0;0,0;;;;;;;;Stedin
TT119_23;2025;;;;;0,0;0,0;0,0;0,0;;;;;;;;Stedin
TT115_10;2025;;;;;0,0;0,0;0,0;0,0;;;;;;;;Stedin
TT110_10;2025;;;;;0,0;0,0;0,0;0,0;;;;;;;;Stedin
TT108_10;2025;;;;;0,0;0,0;0,0;0,0;;;;;;;;Stedin
TT107_10;2025;;;;;0,0;0,0;0,0;0,0;;;;;;;;Stedin
TT106_10;2025;;;;;0,0;0,0;0,0;0,0;;;;;;;;Stedin
TT105_10;2025;;;;;0,0;0,0;0,0;0,0;;;;;;;;Stedin
TT104_10;2025;;;;;0,0;0,0;0,0;0,0;;;;;;;;Stedin
TT103_10;2025;;;;;0,0;0,0;0,0;0,0;;;;;;;;Stedin
TT102_10;2025;;;;;0,0;0,0;0,0;0,0;;;;;;;;Stedin
TT095_13;2025;;;;;0,0;0,0;0,0;0,0;;;;;;;;Stedin
TT094_13;2025;;;;;0,0;0,0;0,0;0,0;;;;;;;;Stedin
TT092_13;2025;;;;;0,0;0,0;0,0;0,0;;;;;;;;Stedin
TT091_13;2025;;;;;0,0;16,0;0,0;4,924;;;;;;;;Stedin
TT089_13;2025;;;;;0,0;0,0;0,0;0,0;;;;;;;;Stedin
TT088_13;2025;;;;;0,0;0,0;0,0;0,0;;;;;;;;Stedin
TT085_13;2025;;;;;0,0;0,0;0,0;0,0;;;;;;;;Stedin
TT084_13;2025;;;;;0,0;0,0;0,0;0,0;;;;;;;;Stedin
TT075_10;2025;;;;;0,0;0,0;0,0;0,0;;;;;;;;Stedin
TT073_10;2025;;;;;0,0;0,0;0,0;0,0;;;;;;;;Stedin
TT072_10;2025;;;;;0,0;0,0;0,0;0,0;;;;;;;;Stedin
TT071_10;2025;;;;;0,0;0,0;0,0;0,0;;;;;;;;Stedin
TT070_10;2025;;;;;0,0;0,0;0,0;0,0;;;;;;;;Stedin
TT069_10;2025;;;;;0,0;0,0;0,0;0,0;;;;;;;;Stedin
TT068_23;2025;;;;;0,0;0,0;0,0;0,0;;;;;;;;Stedin
TT068_10;2025;;;;;0,0;0,0;0,0;0,0;;;;;;;;Stedin
TT066_10;2025;;;;;0,0;0,0;0,0;0,0;;;;;;;;Stedin
TT065_10;2025;;;;;0,0;0,0;0,0;0,0;;;;;;;;Stedin
BXT;2025;37,46;41,62;40,194731825;39,60381159755656;12,0;38,0;3,963;23,026;;;2029,0;2029,0;;;;Enexis
BUGG;2025;54,42;54,42;36,68450994844622;57,94631517825477;35,0;44,0;47,851;38,895;;;2026,0;2026,0;;;;Enexis
BT;2025;90,18;101,05;46,65146294412595;80,48665810219163;46,0;114,0;11,376;36,138;;;2028,0;2028,0;;;;Enexis
BOZ;2025;175,06;177,96;38,81631716823632;84,20205262897791;44,0;66,0;8,622;61,434;;;2025,0;2025,0;;;;Enexis
BOSP;2025;41,0;43,19;51,81162025971945;22,21891170302357;10,0;13,0;1,632;4,405;;;;2025,0;;;;Enexis
BORN;2025;148,41;148,81;48,74895835284799;60,10124270750392;26,0;42,0;15,803;69,248;;;2025,0;2025,0;;;;Enexis
TT051_10;2025;;;;;0,0;0,0;0,0;0,0;;;;;;;;Stedin
TT050_10;2025;;;;;0,0;0,0;0,0;0,0;;;;;;;;Stedin
TT049_10;2025;;;;;0,0;0,0;0,0;0,0;;;;;;;;Stedin
TT048_10;2025;;;;;0,0;0,0;0,0;0,0;;;;;;;;Stedin
CM08;2025;10,0;;31,4;;14,0;20,0;4,212;4,599;Als er nog geen netuitbreiding is aangegeven betekent dit niet dat deze niet in ontwikkeling is. Congestie einddatum kan afwijken van einddatum van laatst te realiseren netuitbreiding.;;2026,0;;;;;Stedin
CM07;2025;4,1;;7,1;;2,0;6,0;;0,503;Als er nog geen netuitbreiding is aangegeven betekent dit niet dat deze niet in ontwikkeling is. Congestie einddatum kan afwijken van einddatum van laatst te realiseren netuitbreiding.;;2026,0;;;;;Stedin
CM02;2025;15,0;;12,8;;10,0;8,0;0,916;1,812;Als er nog geen netuitbreiding is aangegeven betekent dit niet dat deze niet in ontwikkeling is. Congestie einddatum kan afwijken van einddatum van laatst te realiseren netuitbreiding.;;2029,0;;;;;Stedin
CM00;2025;55,0;;116,6;;74,0;45,0;33,877;24,135;Als er nog geen netuitbreiding is aangegeven betekent dit niet dat deze niet in ontwikkeling is. Congestie einddatum kan afwijken van einddatum van laatst te realiseren netuitbreiding.;;2030,0;;;;;Stedin
CALF;2025;66,21;79,46;54,511772;32,692072608125;5,0;5,0;11,9;0,378;;;2030,0;2025,0;;;;Enexis
Bijlmer Noord 10kV totaal;2025;62,0;49,5;;42,5;;23,0;;9,11814;;;;;4,0;2025-01-01;2025-12-31;Liander
TT082_13;2025;;;;;0,0;0,0;0,0;0,0;;;;;;;;Stedin
TT081_13;2025;;;;;0,0;0,0;0,0;0,0;;;;;;;;Stedin
TT080_13;2025;;;;;0,0;0,0;0,0;0,0;;;;;;;;Stedin
TT079_10;2025;;;;;0,0;0,0;0,0;0,0;;;;;;;;Stedin
TT078_10;2025;;;;;0,0;0,0;0,0;0,0;;;;;;;;Stedin
TT076_10;2025;;;;;0,0;0,0;0,0;0,0;;;;;;;;Stedin
CM12;2025;;40,0;;65,0;9,0;30,0;0,867;6,276;Als er nog geen netuitbreiding is aangegeven betekent dit niet dat deze niet in ontwikkeling is. Congestie einddatum kan afwijken van einddatum van laatst te realiseren netuitbreiding.;;;2035,0;;;;Stedin
CM11;2025;;40,0;;43,8;25,0;41,0;3,419;8,727;Als er nog geen netuitbreiding is aangegeven betekent dit niet dat deze niet in ontwikkeling is. Congestie einddatum kan afwijken van einddatum van laatst te realiseren netuitbreiding.;;;2029,0;;;;Stedin
CM10;2025;;45,0;;49,4;11,0;47,0;75,504;5,443;Als er nog geen netuitbreiding is aangegeven betekent dit niet dat deze niet in ontwikkeling is. Congestie einddatum kan afwijken van einddatum van laatst te realiseren netuitbreiding.;;;2029,0;;;;Stedin
CM09;2025;;30,4;;37,4;0,0;33,0;0,0;8,317;Als er nog geen netuitbreiding is aangegeven betekent dit niet dat deze niet in ontwikkeling is. Congestie einddatum kan afwijken van einddatum van laatst te realiseren netuitbreiding.;;;2029,0;;;;Stedin
TT063_10;2025;;;;;0,0;0,0;0,0;0,0;;;;;;;;Stedin
TT062_10;2025;;;;;0,0;0,0;0,0;0,0;;;;;;;;Stedin
TT061_10;2025;;;;;0,0;0,0;0,0;0,0;;;;;;;;Stedin
TT059_10;2025;;;;;0,0;0,0;0,0;0,0;;;;;;;;Stedin
TT058_10;2025;;;;;0,0;0,0;0,0;0,0;;;;;;;;Stedin
TT057_10;2025;;;;;0,0;0,0;0,0;0,0;;;;;;;;Stedin
TT056_10;2025;;;;;0,0;0,0;0,0;0,0;;;;;;;;Stedin
TT055_10;2025;;;;;0,0;0,0;0,0;0,0;;;;;;;;Stedin
TT054_25;2025;;;;;0,0;0,0;0,0;0,0;;;;;;;;Stedin
TT054_10;2025;;;;;0,0;0,0;0,0;0,0;;;;;;;;Stedin
TT053_10;2025;;;;;0,0;0,0;0,0;0,0;;;;;;;;Stedin
TT052_10;2025;;;;;0,0;0,0;0,0;0,0;;;;;;;;Stedin
CM33;2025;10,0;;16,2;;8,0;3,0;6,248;2,05;Als er nog geen netuitbreiding is aangegeven betekent dit niet dat deze niet in ontwikkeling is. Congestie einddatum kan afwijken van einddatum van laatst te realiseren netuitbreiding.;;2026,0;;;;;Stedin
CM32;2025;10,0;;15,2;;4,0;2,0;5,615;;Als er nog geen netuitbreiding is aangegeven betekent dit niet dat deze niet in ontwikkeling is. Congestie einddatum kan afwijken van einddatum van laatst te realiseren netuitbreiding.;;2026,0;;;;;Stedin
CM31;2025;;29,4;;30,7;0,0;22,0;0,0;3,758;Als er nog geen netuitbreiding is aangegeven betekent dit niet dat deze niet in ontwikkeling is. Congestie einddatum kan afwijken van einddatum van laatst te realiseren netuitbreiding.;;;2029,0;;;;Stedin
CM29/64;2025;150,0;150,0;167,0;171,0;42,0;42,0;15,742;21,228;Als er nog geen netuitbreiding is aangegeven betekent dit niet dat deze niet in ontwikkeling is. Congestie einddatum kan afwijken van einddatum van laatst te realiseren netuitbreiding.;;2029,0;2032,0;;;;Stedin
CM29/45;2025;;48,8;;85,5;3,0;2,0;0,576;;Als er nog geen netuitbreiding is aangegeven betekent dit niet dat deze niet in ontwikkeling is. Congestie einddatum kan afwijken van einddatum van laatst te realiseren netuitbreiding.;;2029,0;2033,0;;;;Stedin
CM28;2025;;4,1;;5,4;0,0;13,0;0,0;2,401;Als er nog geen netuitbreiding is aangegeven betekent dit niet dat deze niet in ontwikkeling is. Congestie einddatum kan afwijken van einddatum van laatst te realiseren netuitbreiding.;;;2027,0;;;;Stedin
CM26;2025;;100,0;;110,9;0,0;69,0;0,0;27,562;Als er nog geen netuitbreiding is aangegeven betekent dit niet dat deze niet in ontwikkeling is. Congestie einddatum kan afwijken van einddatum van laatst te realiseren netuitbreiding.;;;2033,0;;;;Stedin
CM24;2025;22,5;;19,9;;0,0;0,0;0,0;0,0;Als er nog geen netuitbreiding is aangegeven betekent dit niet dat deze niet in ontwikkeling is. Congestie einddatum kan afwijken van einddatum van laatst te realiseren netuitbreiding.;;2026,0;;;;;Stedin
CM23;2025;45,4;;46,2;;2,0;2,0;;;Als er nog geen netuitbreiding is aangegeven betekent dit niet dat deze niet in ontwikkeling is. Congestie einddatum kan afwijken van einddatum van laatst te realiseren netuitbreiding.;;2032,0;;;;;Stedin
CM22;2025;;175,0;;242,0;0,0;114,0;0,0;106,362;Als er nog geen netuitbreiding is aangegeven betekent dit niet dat deze niet in ontwikkeling is. Congestie einddatum kan afwijken van einddatum van laatst te realiseren netuitbreiding.;;;2031,0;;;;Stedin
CM20;2025;45,0;;53,5;;9,0;4,0;3,26;0,367;Als er nog geen netuitbreiding is aangegeven betekent dit niet dat deze niet in ontwikkeling is. Congestie einddatum kan afwijken van einddatum van laatst te realiseren netuitbreiding.;;2028,0;;;;;Stedin
CM19/30;2025;10,0;10,0;12,6;10,2;7,0;4,0;0,415;0,784;Als er nog geen netuitbreiding is aangegeven betekent dit niet dat deze niet in ontwikkeling is. Congestie einddatum kan afwijken van einddatum van laatst te realiseren netuitbreiding.;;2028,0;2028,0;;;;Stedin
CM18;2025;;100,0;;102,0;;;;;Als er nog geen netuitbreiding is aangegeven betekent dit niet dat deze niet in ontwikkeling is. Congestie einddatum kan afwijken van einddatum van laatst te realiseren netuitbreiding.;;;2029,0;;;;Stedin
CM15;2025;;28,0;;35,0;19,0;20,0;1,626;1,676;Als er nog geen netuitbreiding is aangegeven betekent dit niet dat deze niet in ontwikkeling is. Congestie einddatum kan afwijken van einddatum van laatst te realiseren netuitbreiding.;;;2029,0;;;;Stedin
CM14;2025;;40,0;;44,2;9,0;34,0;1,486;7,23;Als er nog geen netuitbreiding is aangegeven betekent dit niet dat deze niet in ontwikkeling is. Congestie einddatum kan afwijken van einddatum van laatst te realiseren netuitbreiding.;;;2030,0;;;;Stedin
CM13;2025;;28,0;;42,1;19,0;22,0;1,697;5,474;Als er nog geen netuitbreiding is aangegeven betekent dit niet dat deze niet in ontwikkeling is. Congestie einddatum kan afwijken van einddatum van laatst te realiseren netuitbreiding.;;;2033,0;;;;Stedin
CM52;2025;;;;;0,0;6,0;0,0;3,525;Als er nog geen netuitbreiding is aangegeven betekent dit niet dat deze niet in ontwikkeling is. Congestie einddatum kan afwijken van einddatum van laatst te realiseren netuitbreiding.;;;2034,0;;;;Stedin
CM51;2025;;;;;0,0;3,0;0,0;0,247;Als er nog geen netuitbreiding is aangegeven betekent dit niet dat deze niet in ontwikkeling is. Congestie einddatum kan afwijken van einddatum van laatst te realiseren netuitbreiding.;;;2034,0;;;;Stedin
CM50;2025;;;;;0,0;0,0;0,0;0,0;Als er nog geen netuitbreiding is aangegeven betekent dit niet dat deze niet in ontwikkeling is. Congestie einddatum kan afwijken van einddatum van laatst te realiseren netuitbreiding.;;;2034,0;;;;Stedin
CM49;2025;;;;;0,0;7,0;0,0;0,298;Als er nog geen netuitbreiding is aangegeven betekent dit niet dat deze niet in ontwikkeling is. Congestie einddatum kan afwijken van einddatum van laatst te realiseren netuitbreiding.;;;2034,0;;;;Stedin
CM48;2025;;117,0;;165,0;0,0;2,0;0,0;;Als er nog geen netuitbreiding is aangegeven betekent dit niet dat deze niet in ontwikkeling is. Congestie einddatum kan afwijken van einddatum van laatst te realiseren netuitbreiding.;;;2031,0;;;;Stedin
CM47;2025;;120,0;;147,8;0,0;24,0;0,0;5,114;Als er nog geen netuitbreiding is aangegeven betekent dit niet dat deze niet in ontwikkeling is. Congestie einddatum kan afwijken van einddatum van laatst te realiseren netuitbreiding.;;;2031,0;;;;Stedin
CM44;2025;140,0;;289,2;;3,0;10,0;43,197;137,648;Als er nog geen netuitbreiding is aangegeven betekent dit niet dat deze niet in ontwikkeling is. Congestie einddatum kan afwijken van einddatum van laatst te realiseren netuitbreiding.;;2035,0;;;;;Stedin
CM43;2025;100,0;;100,0;;0,0;19,0;0,0;34,117;Als er nog geen netuitbreiding is aangegeven betekent dit niet dat deze niet in ontwikkeling is. Congestie einddatum kan afwijken van einddatum van laatst te realiseren netuitbreiding.;;2034,0;;;;;Stedin
CM41;2025;70,0;;89,8;;1,0;2,0;;;Als er nog geen netuitbreiding is aangegeven betekent dit niet dat deze niet in ontwikkeling is. Congestie einddatum kan afwijken van einddatum van laatst te realiseren netuitbreiding.;;2035,0;;;;;Stedin
CM40;2025;45,0;;64,8;;10,0;10,0;1,129;1,456;Als er nog geen netuitbreiding is aangegeven betekent dit niet dat deze niet in ontwikkeling is. Congestie einddatum kan afwijken van einddatum van laatst te realiseren netuitbreiding.;;2030,0;;;;;Stedin
CM39;2025;200,0;;196,9;;66,0;155,0;23,904;45,143;Als er nog geen netuitbreiding is aangegeven betekent dit niet dat deze niet in ontwikkeling is. Congestie einddatum kan afwijken van einddatum van laatst te realiseren netuitbreiding.;;2035,0;;;;;Stedin
CM38;2025;;59,3;;63,0;33,0;47,0;3,364;5,916;Als er nog geen netuitbreiding is aangegeven betekent dit niet dat deze niet in ontwikkeling is. Congestie einddatum kan afwijken van einddatum van laatst te realiseren netuitbreiding.;;;2031,0;;;;Stedin
CM37;2025;;42,1;;55,5;16,0;39,0;2,067;7,215;Als er nog geen netuitbreiding is aangegeven betekent dit niet dat deze niet in ontwikkeling is. Congestie einddatum kan afwijken van einddatum van laatst te realiseren netuitbreiding.;;;2032,0;;;;Stedin
CM36;2025;;20,4;;30,5;3,0;11,0;0,158;2,26;Als er nog geen netuitbreiding is aangegeven betekent dit niet dat deze niet in ontwikkeling is. Congestie einddatum kan afwijken van einddatum van laatst te realiseren netuitbreiding.;;;2032,0;;;;Stedin
CM35/72;2025;18,0;;26,0;;3,0;5,0;0,637;1,7;Als er nog geen netuitbreiding is aangegeven betekent dit niet dat deze niet in ontwikkeling is. Congestie einddatum kan afwijken van einddatum van laatst te realiseren netuitbreiding.;;2027,0;2032,0;;;;Stedin
CM34/46;2025;18,0;18,0;24,3;21,1;5,0;24,0;0,241;6,85;Als er nog geen netuitbreiding is aangegeven betekent dit niet dat deze niet in ontwikkeling is. Congestie einddatum kan afwijken van einddatum van laatst te realiseren netuitbreiding.;;2028,0;2028,0;;;;Stedin
TT032_13;2025;;;;;0,0;0,0;0,0;0,0;;;;;;;;Stedin
DDV;2025;43,19;43,19;27,5711247;18,15527711813207;13,0;21,0;1,24;13,766;;;2028,0;2025,0;;;;Enexis
CVD;2025;154,39;156,6;99,13941171423856;73,66399368601498;10,0;28,0;51,206;31,347;;;;2025,0;;;;Enexis
CU;2025;41,47;41,47;42,81655465031281;28,02655785232941;7,0;19,0;4,69;16,772;;;2031,0;2031,0;;;;Enexis
CM76;2025;;;;;0,0;37,0;0,0;3,055;Als er nog geen netuitbreiding is aangegeven betekent dit niet dat deze niet in ontwikkeling is. Congestie einddatum kan afwijken van einddatum van laatst te realiseren netuitbreiding.;;;2029,0;;;;Stedin
CM66;2025;;26,1;;30,8;;;;;Als er nog geen netuitbreiding is aangegeven betekent dit niet dat deze niet in ontwikkeling is. Congestie einddatum kan afwijken van einddatum van laatst te realiseren netuitbreiding.;;;2027,0;;;;Stedin
CM63;2025;;225,0;;375,0;0,0;28,0;0,0;17,586;Als er nog geen netuitbreiding is aangegeven betekent dit niet dat deze niet in ontwikkeling is. Congestie einddatum kan afwijken van einddatum van laatst te realiseren netuitbreiding.;;;2035,0;;;;Stedin
CM60;2025;;;;;24,0;85,0;18,865;22,959;Als er nog geen netuitbreiding is aangegeven betekent dit niet dat deze niet in ontwikkeling is. Congestie einddatum kan afwijken van einddatum van laatst te realiseren netuitbreiding.;;;2034,0;;;;Stedin
CM59;2025;;;;;4,0;27,0;0,331;3,86;Als er nog geen netuitbreiding is aangegeven betekent dit niet dat deze niet in ontwikkeling is. Congestie einddatum kan afwijken van einddatum van laatst te realiseren netuitbreiding.;;;2034,0;;;;Stedin
CM58;2025;;;;;6,0;8,0;4,525;0,622;Als er nog geen netuitbreiding is aangegeven betekent dit niet dat deze niet in ontwikkeling is. Congestie einddatum kan afwijken van einddatum van laatst te realiseren netuitbreiding.;;;2028,0;;;;Stedin
CM57;2025;;;;;15,0;37,0;1,53;5,556;Als er nog geen netuitbreiding is aangegeven betekent dit niet dat deze niet in ontwikkeling is. Congestie einddatum kan afwijken van einddatum van laatst te realiseren netuitbreiding.;;;2028,0;;;;Stedin
CM56/78;2025;3,0;100,0;4,5;136,0;0,0;10,0;0,0;1,013;Als er nog geen netuitbreiding is aangegeven betekent dit niet dat deze niet in ontwikkeling is. Congestie einddatum kan afwijken van einddatum van laatst te realiseren netuitbreiding.;;2028,0;2034,0;;;;Stedin
CM56;2025;;100,0;;136,0;0,0;9,0;0,0;0,909;Als er nog geen netuitbreiding is aangegeven betekent dit niet dat deze niet in ontwikkeling is. Congestie einddatum kan afwijken van einddatum van laatst te realiseren netuitbreiding.;;;2034,0;;;;Stedin
CM55;2025;;;;;0,0;2,0;0,0;;Als er nog geen netuitbreiding is aangegeven betekent dit niet dat deze niet in ontwikkeling is. Congestie einddatum kan afwijken van einddatum van laatst te realiseren netuitbreiding.;;;2034,0;;;;Stedin
CM54;2025;;;;;0,0;1,0;0,0;;Als er nog geen netuitbreiding is aangegeven betekent dit niet dat deze niet in ontwikkeling is. Congestie einddatum kan afwijken van einddatum van laatst te realiseren netuitbreiding.;;;2034,0;;;;Stedin
CM53;2025;;;;;0,0;9,0;0,0;1,917;Als er nog geen netuitbreiding is aangegeven betekent dit niet dat deze niet in ontwikkeling is. Congestie einddatum kan afwijken van einddatum van laatst te realiseren netuitbreiding.;;;2034,0;;;;Stedin
DTO;2025;132,43;158,91;117,4181993107173;64,26221778459262;12,0;24,0;59,612;69,193;;;2028,0;2025,0;;;;Enexis
TT047_10;2025;;;;;0,0;0,0;0,0;0,0;;;;;;;;Stedin
TT046_10;2025;;;;;0,0;0,0;0,0;0,0;;;;;;;;Stedin
TT045_10;2025;;;;;0,0;0,0;0,0;0,0;;;;;;;;Stedin
TT044_10;2025;;;;;0,0;0,0;0,0;0,0;;;;;;;;Stedin
TT043_10;2025;;;;;0,0;0,0;0,0;0,0;;;;;;;;Stedin
TT042_10;2025;;;;;0,0;0,0;0,0;0,0;;;;;;;;Stedin
TT041_23;2025;;;;;0,0;0,0;0,0;0,0;;;;;;;;Stedin
TT041_10;2025;;;;;0,0;0,0;0,0;0,0;;;;;;;;Stedin
TT040_13;2025;;;;;0,0;0,0;0,0;0,0;;;;;;;;Stedin
TT039_10;2025;;;;;0,0;0,0;0,0;0,0;;;;;;;;Stedin
TT038_10;2025;;;;;0,0;0,0;0,0;0,0;;;;;;;;Stedin
TT037_10;2025;;;;;0,0;0,0;0,0;0,0;;;;;;;;Stedin
TT035_10;2025;;;;;0,0;0,0;0,0;0,0;;;;;;;;Stedin
TT034_10;2025;;;;;0,0;0,0;0,0;0,0;;;;;;;;Stedin
TT033_10;2025;;;;;0,0;5,0;0,0;0,24;;;;;;;;Stedin
TT029_10;2025;;;;;0,0;0,0;0,0;0,0;;;;;;;;Stedin
TT028_10;2025;;;;;0,0;0,0;0,0;0,0;;;;;;;;Stedin
TT026_10;2025;;;;;0,0;0,0;0,0;0,0;;;;;;;;Stedin
TT025_10;2025;;;;;0,0;0,0;0,0;0,0;;;;;;;;Stedin
TT024_25;2025;;;;;0,0;0,0;0,0;0,0;;;;;;;;Stedin
TT024_10;2025;;;;;0,0;0,0;0,0;0,0;;;;;;;;Stedin
TT023_10;2025;;;;;0,0;24,0;0,0;5,419;;;;;;;;Stedin
TT022_10;2025;;;;;0,0;0,0;0,0;0,0;;;;;;;;Stedin
TT020_10;2025;;;;;0,0;0,0;0,0;0,0;;;;;;;;Stedin
TT019_10;2025;;;;;0,0;0,0;0,0;0,0;;;;;;;;Stedin
TT018_10;2025;;;;;0,0;0,0;0,0;0,0;;;;;;;;Stedin
TT016_10;2025;;;;;0,0;18,0;0,0;3,748;;;;;;;;Stedin
TT015_10;2025;;;;;0,0;0,0;0,0;0,0;;;;;;;;Stedin
TT014_10;2025;;;;;0,0;0,0;0,0;0,0;;;;;;;;Stedin
DVTP;2025;62,43;62,43;14,453194185;42,675853852769;24,0;18,0;4,294;5,479;;;2025,0;2027,0;;;;Enexis
DVTB;2025;69,73;71,98;34,873393005;51,14965988762523;43,0;38,0;7,215;9,14;;;2025,0;2029,0;;;;Enexis
TS085_10;2025;;;;;0,0;0,0;0,0;0,0;;;;;;;;Stedin
TS084_10;2025;;;;;0,0;0,0;0,0;0,0;;;;;;;;Stedin
TS083_10;2025;;;;;0,0;0,0;0,0;0,0;;;;;;;;Stedin
TS081_10;2025;;;;;13,0;18,0;4,725;1,952;;;;;;;;Stedin
TS080_10;2025;;;;;0,0;0,0;0,0;0,0;;;;;;;;Stedin
TS079_10;2025;;;;;3,0;23,0;2,379;2,631;;;;;;;;Stedin
TS078_10;2025;;;;;4,0;10,0;0,145;0,389;;;;;;;;Stedin
TS077_10;2025;;;;;14,0;55,0;0,59;7,077;;;;;;;;Stedin
EHVW;2025;64,22;77,48;25,939086725;88,29032778166678;70,0;98,0;35,928;46,178;;;2028,0;;;;;Enexis
EHVO;2025;190,21;207,33;51,71975219527739;153,8050425707878;42,0;120,0;7,419;49,215;;;2025,0;2030,0;;;;Enexis
EHVN;2025;108,85;111,14;17,40214470312763;102,3191745576873;35,0;138,0;8,65;83,534;;;2025,0;;;;;Enexis
EHAVO;2025;155,49;149,78;116,536251;75,51137583044347;5,0;4,0;15,815;57,012;;;2025,0;2025,0;;;;Enexis
EHAVM;2025;345,54;350,09;189,711211875;150,390725440935;10,0;3,0;6,945;8,182;;;2025,0;2025,0;;;;Enexis
De Lier;2025;315,0;315,0;240,0;104,0;0,0;0,0;0,0;0,0;;;;;;;;Westland
TT031_10;2025;;;;;0,0;21,0;0,0;13,94;;;;;;;;Stedin
TT030_10;2025;;;;;0,0;0,0;0,0;0,0;;;;;;;;Stedin
TS064_10;2025;;;;;0,0;0,0;0,0;0,0;;;;;;;;Stedin
TS062_10;2025;;;;;10,0;30,0;2,397;7,07;;;;;;;;Stedin
TS061_10;2025;;;;;5,0;18,0;1,423;2,752;;;;;;;;Stedin
TS060_10;2025;;;;;8,0;19,0;0,498;2,036;;;;;;;;Stedin
TS059_10;2025;;;;;20,0;36,0;3,827;5,633;;;;;;;;Stedin
ERD;2025;144,03;154,5;137,1400228493005;141,6585350579709;114,0;158,0;49,554;82,669;;;2027,0;2027,0;;;;Enexis
EMW;2025;43,7;43,7;52,00571031168846;34,32876461370511;21,0;11,0;28,046;6,659;;;2030,0;2030,0;;;;Enexis
EHVZ;2025;158,42;166,78;46,22477498397743;125,618723141995;23,0;59,0;2,272;15,783;;;2025,0;2030,0;;;;Enexis
TT013_10;2025;;;;;0,0;0,0;0,0;0,0;;;;;;;;Stedin
TT011_10;2025;;;;;0,0;17,0;0,0;6,011;;;;;;;;Stedin
TT010_10;2025;;;;;0,0;0,0;0,0;0,0;;;;;;;;Stedin
TT008_10;2025;;;;;0,0;0,0;0,0;0,0;;;;;;;;Stedin
TT006_10;2025;;;;;0,0;0,0;0,0;0,0;;;;;;;;Stedin
TT005_10;2025;;;;;0,0;0,0;0,0;0,0;;;;;;;;Stedin
TT004_10;2025;;;;;0,0;0,0;0,0;0,0;;;;;;;;Stedin
TT002_10;2025;;;;;0,0;0,0;0,0;0,0;;;;;;;;Stedin
TS041_10;2025;;;;;0,0;0,0;0,0;0,0;;;;;;;;Stedin
TS040_10;2025;;;;;8,0;25,0;1,108;3,199;;;;;;;;Stedin
TS004_10;2025;;;;;0,0;0,0;0,0;0,0;;;;;;;;Stedin
ESDM;2025;41,8;41,8;5,594003750000001;27,35504180422991;19,0;17,0;7,74;14,136;;;2025,0;2028,0;;;;Enexis
ESDH;2025;69,08;69,08;5,067349485563936;49,04493062031209;19,0;28,0;1,751;6,212;;;2025,0;2025,0;;;;Enexis
TS076_10;2025;;;;;1,0;13,0;;4,591;;;;;;;;Stedin
TS075_10;2025;;;;;0,0;0,0;0,0;0,0;;;;;;;;Stedin
TS074_10;2025;;;;;0,0;0,0;0,0;0,0;;;;;;;;Stedin
TS073_10;2025;;;;;15,0;23,0;3,012;7,607;;;;;;;;Stedin
TS072_10;2025;;;;;0,0;0,0;0,0;0,0;;;;;;;;Stedin
TS071_10;2025;;;;;0,0;0,0;0,0;0,0;;;;;;;;Stedin
TS070_10;2025;;;;;0,0;0,0;0,0;0,0;;;;;;;;Stedin
TS069_10;2025;;;;;7,0;10,0;0,977;3,21;;;;;;;;Stedin
TS068_10;2025;;;;;5,0;18,0;0,379;4,534;;;;;;;;Stedin
TS067_10;2025;;;;;0,0;0,0;0,0;0,0;;;;;;;;Stedin
TS066_10;2025;;;;;19,0;31,0;4,607;7,402;;;;;;;;Stedin
ETN;2025;173,62;181,31;127,6129057114787;103,2646696292323;108,0;135,0;47,352;53,962;;;2028,0;2028,0;;;;Enexis
ESDW;2025;43,58;43,58;65,9404054;37,38124037259575;0,0;8,0;0,0;4,092;;;2030,0;2028,0;;;;Enexis
ESDV;2025;62,43;62,43;16,68487579763178;38,41745212166234;14,0;16,0;2,937;4,333;;;2025,0;2025,0;;;;Enexis
TS058_10;2025;;;;;0,0;0,0;0,0;0,0;;;;;;;;Stedin
TS056_10;2025;;;;;8,0;14,0;5,357;4,497;;;;;;;;Stedin
TS055_10;2025;;;;;0,0;0,0;0,0;0,0;;;;;;;;Stedin
TS054_10;2025;;;;;4,0;9,0;0,643;0,834;;;;;;;;Stedin
TS052_10;2025;;;;;0,0;0,0;0,0;0,0;;;;;;;;Stedin
TS051_10;2025;;;;;0,0;0,0;0,0;0,0;;;;;;;;Stedin
TS049_10;2025;;;;;10,0;21,0;1,928;4,036;;;;;;;;Stedin
TS048_10;2025;;;;;0,0;0,0;0,0;0,0;;;;;;;;Stedin
TS047_10;2025;;;;;0,0;0,0;0,0;0,0;;;;;;;;Stedin
TS046_10;2025;;;;;0,0;0,0;0,0;0,0;;;;;;;;Stedin
TS045_10;2025;;;;;9,0;16,0;1,596;7,467;;;;;;;;Stedin
TS044_10;2025;;;;;2,0;10,0;;1,359;;;;;;;;Stedin
TS043_10;2025;;;;;13,0;25,0;1,161;4,131;;;;;;;;Stedin
TH027_23;2025;;;;;0,0;18,0;0,0;195,329;;;;;;;;Stedin
TH027_10;2025;;;;;0,0;16,0;0,0;4,68;;;;;;;;Stedin
GLTK;2025;113,16;116,98;101,291384;38,62172100000387;20,0;11,0;4,968;12,003;;;2029,0;2025,0;;;;Enexis
GENN;2025;80,0;85,19;19,6043996;2,728334520344225;26,0;14,0;10,443;1,567;;;2025,0;2025,0;;;;Enexis
Emmeloord inst. 2+3;2025;44,0;44,0;34,0;42,5;59,0;90,0;10,41;15,89489;;;;;4,0;2025-01-01;2025-12-31;Liander
TRBK;2025;54,86;65,84;37,36127011948274;59,49812358996904;18,0;33,0;1,842;12,462;;;;;;;;Enexis
TH231_20;2025;;;;;0,0;5,0;0,0;40,0;;;;;;;;Stedin
TH230_10;2025;;;;;0,0;9,0;0,0;16,265;;;;;;;;Stedin
TH226_10_B;2025;;;;;0,0;0,0;0,0;0,0;;;;;;;;Stedin
TH226_10_A;2025;;;;;0,0;0,0;0,0;0,0;;;;;;;;Stedin
TH215_10_A;2025;;;;;0,0;20,0;0,0;85,32;;;;;;;;Stedin
TH213_10;2025;;;;;0,0;5,0;0,0;2,294;;;;;;;;Stedin
TH212_10_C;2025;;;;;;;;;;;;;;;;Stedin
TH212_10_AB;2025;;;;;0,0;23,0;0,0;6,849;;;;;;;;Stedin
TH210_10;2025;;;;;0,0;23,0;0,0;8,722;;;;;;;;Stedin
TH209_10;2025;;;;;0,0;23,0;0,0;11,406;;;;;;;;Stedin
GNBS;2025;41,02;41,02;1,192861449475126;30,15228682557668;4,0;7,0;0,124;0,514;;;2025,0;2030,0;;;;Enexis
GNBH;2025;106,88;108,11;64,15260697272376;74,1160231448354;33,0;54,0;7,482;13,357;;;;;;;;Enexis
TH203_10_B;2025;;;;;0,0;18,0;0,0;75,426;;;;;;;;Stedin
TH202_10;2025;;;;;0,0;13,0;0,0;5,206;;;;;;;;Stedin
TH201_10_B;2025;;;;;0,0;22,0;0,0;49,087;;;;;;;;Stedin
TH201_10_A;2025;;;;;0,0;22,0;0,0;49,087;;;;;;;;Stedin
TH086_13;2025;;;;;0,0;47,0;0,0;34,853;;;;;;;;Stedin
TH064_23;2025;;;;;0,0;0,0;0,0;0,0;;;;;;;;Stedin
TH061_23;2025;;;;;0,0;0,0;0,0;0,0;;;;;;;;Stedin
TH060_23;2025;;;;;0,0;0,0;0,0;0,0;;;;;;;;Stedin
TH058_25_1;2025;;;;;0,0;0,0;0,0;0,0;;;;;;;;Stedin
TH058_23;2025;;;;;0,0;0,0;0,0;0,0;;;;;;;;Stedin
TH056_25;2025;;;;;0,0;7,0;0,0;88,886;;;;;;;;Stedin
TH053_23;2025;;;;;0,0;0,0;0,0;0,0;;;;;;;;Stedin
TH039_23;2025;;;;;0,0;0,0;0,0;0,0;;;;;;;;Stedin
TH029_10;2025;;;;;0,0;20,0;0,0;78,478;;;;;;;;Stedin
TBZ;2025;122,0;136,68;91,1759718729321;117,7032974011095;98,0;138,0;23,275;40,206;;;2026,0;2026,0;;;;Enexis
TBW;2025;152,2;155,49;52,9348938;82,87632631389486;43,0;64,0;35,568;21,584;;;2025,0;2025,0;;;;Enexis
GT;2025;127,48;134,7;111,8740354936897;73,13398374171814;84,0;111,0;33,988;62,593;;;2030,0;2030,0;;;;Enexis
GO;2025;72,2;72,2;61,69659504877662;37,36197819285466;17,0;28,0;4,385;3,75;;;2030,0;2025,0;;;;Coteq, Enexis
GNHU;2025;86,19;86,19;26,25657541712954;34,64460084604494;15,0;8,0;2,767;2,4;;;2025,0;2025,0;;;;Enexis
TH021_23;2025;;;;;0,0;7,0;0,0;16,91;;;;;;;;Stedin
TH021_10;2025;;;;;0,0;22,0;0,0;3,35;;;;;;;;Stedin
TH011_23;2025;;;;;0,0;0,0;0,0;0,0;;;;;;;;Stedin
TH010_10;2025;;;;;0,0;0,0;0,0;0,0;;;;;;;;Stedin
TH009_10;2025;;;;;0,0;0,0;0,0;0,0;;;;;;;;Stedin
TH008_13;2025;;;;;0,0;0,0;0,0;0,0;;;;;;;;Stedin
TH003_13;2025;;;;;0,0;0,0;0,0;0,0;;;;;;;;Stedin
TH002_23;2025;;;;;0,0;0,0;0,0;0,0;;;;;;;;Stedin
TH002_10;2025;;;;;0,0;0,0;0,0;0,0;;;;;;;;Stedin
TERW;2025;151,32;156,9;74,67970944471665;111,7073206426976;51,0;100,0;43,103;60,268;;;2029,0;2029,0;;;;Enexis
GNHK;2025;86,39;86,39;10,34517271570869;68,74123687218685;19,0;38,0;3,892;89,202;;;2025,0;;;;;Enexis
OS ZEVENHUIZEN 10-1i;2025;30,0;30,0;22,4;21,2;;;;;;;;;4,0;2025-01-01;2025-12-31;Liander
OS ZEVENAAR 10-3i;2025;126,6;63,6;63,2;56,5;42,0;64,0;19,412;31,69864;;;2029,0;;4,0;2025-01-01;2025-12-31;Liander
OS ZEVENAAR 10-1i;2025;127,7;63,7;52,4;52,6;29,0;41,0;7,942;3,92055;;;;;4,0;2025-01-01;2025-12-31;Liander
RS;2025;43,58;43,58;43,45197024910198;39,16871728402604;55,0;54,0;21,635;14,781;;;2028,0;2028,0;;;;Enexis
RMND;2025;33,25;36,58;5,606626972934572;22,79924324491338;7,0;11,0;1,289;1,237;;;2025,0;2025,0;;;;Enexis
PCH;2025;40,08;43,19;33,35292676365776;26,79651094572061;36,0;51,0;13,161;21,311;;;2028,0;2028,0;;;;Enexis
RT;2025;52,99;53,52;68,4799202058299;47,98205318957005;48,0;48,0;8,111;8,037;;;2027,0;2027,0;;;;Enexis
RSD;2025;236,57;243,98;131,3998937;104,9821219079966;77,0;166,0;26,209;95,327;;;2029,0;2025,0;;;;Enexis
SW;2025;48,22;54,42;29,7518334366915;35,909426325634;24,0;9,0;6,039;4,914;2a, 2b, 3a, 3b worden door bovenliggende netbeheerder bepaald;;2030,0;2025,0;;;;Enexis, Rendo
SKN;2025;112,66;112,66;69,119759;;29,0;13,0;6,35;15,266;;;2025,0;;;;;Enexis
SBRN;2025;76,34;77,12;35,00058161127519;48,39982830500036;18,0;30,0;17,516;5,322;;;2031,0;2025,0;;;;Enexis
HDB;2025;47,08;50,98;42,62291431791714;39,84599557131088;42,0;58,0;28,639;14,142;;;2027,0;2027,0;;;;Enexis
HBG;2025;41,02;41,02;34,31824399943174;35,06214329651858;15,0;27,0;3,756;7,173;;;2028,0;2028,0;;;;Enexis
TBN;2025;131,01;141,13;55,25566633674277;168,367961561744;101,0;136,0;38,543;52,397;;;2027,0;2027,0;;;;Enexis
TBG;2025;43,51;45,23;29,24051868141;18,2211428471177;23,0;14,0;2,694;2,179;;;2030,0;2025,0;;;;Enexis
TBC;2025;69,2;69,2;15,87493347643686;47,0618287365953;15,0;44,0;2,173;12,974;;;2025,0;;;;;Enexis
OS WOLVEGA 10-2i;2025;82,5;55,0;57,5;31,6;23,0;20,0;7,179;5,64978;;;;;4,0;2025-01-01;2025-12-31;Liander
OS WINTERSWIJK 10-1i;2025;;;;;37,0;49,0;15,142;8,12333;;;;;4,0;2025-01-01;2025-12-31;Liander
HGLB;2025;37,94;38,31;53,81623750040816;35,65926891936857;16,0;34,0;3,93;11,546;;;2026,0;2026,0;;;;Enexis
HELD;2025;158,59;172,77;144,9058353514071;42,33280246679719;42,0;66,0;39,396;38,809;;;2029,0;2025,0;;;;Enexis
HEER;2025;40,0;44,22;12,72327488704321;43,17722910152634;13,0;38,0;3,3;12,293;;;2025,0;;;;;Enexis
OTD;2025;96,45;111,55;40,928811;86,72400996081214;54,0;88,0;25,44;82,437;;;2031,0;2031,0;;;;Enexis
OS ZUTPHEN 20-3i;2025;128,0;88,0;11,1;14,7;14,0;11,0;15,542;8,12972;;;;;4,0;2025-01-01;2025-12-31;Liander
OS ZUTPHEN 10-2i;2025;45,5;45,5;48,3;49,1;20,0;21,0;3,192;2,29758;;;;;4,0;2025-01-01;2025-12-31;Liander
OS ZUTPHEN 10-1i;2025;57,3;57,3;30,1;34,4;8,0;20,0;6,1;9,93446;;;;;4,0;2025-01-01;2025-12-31;Liander
OS ZUILICHEM 20-1i;2025;88,0;88,0;12,8;29,6;17,0;19,0;28,743;26,47716;;;;;4,0;2025-01-01;2025-12-31;Liander
OS ZUIDERVELD 10-1i;2025;69,3;69,3;52,9;78,5;57,0;98,0;36,744;33,96112;;;2029,0;;4,0;2025-01-01;2025-12-31;Liander
OS ZUIDBROEK 20-1i;2025;132,0;88,0;60,3;34,8;35,0;43,0;9,06;21,90006;;;;;4,0;2025-01-01;2025-12-31;Liander
OS ZORGVLIED 20-4i;2025;110,0;88,0;;83,9;;20,0;;4,89563;;;;;4,0;2025-01-01;2025-12-31;Liander
OS ZORGVLIED 20-3i;2025;110,0;88,0;;34,2;;7,0;;5,9395;;;;;4,0;2025-01-01;2025-12-31;Liander
OS ZOETERWOUDE 10-2i;2025;30,0;30,0;23,2;30,2;4,0;8,0;0,366;2,51572;;;;;4,0;2025-01-01;2025-12-31;Liander
OS ZEVENHUIZEN 10-2i;2025;30,0;30,0;43,8;26,8;8,0;9,0;1,452;8,0106;;;2027,0;2027,0;4,0;2025-01-01;2025-12-31;Liander
HGV;2025;96,77;102,99;82,52410795072372;80,80488205945126;28,0;46,0;8,424;41,96;2a, 2b, 3a, 3b worden door bovenliggende netbeheerder bepaald;;2027,0;2025,0;;;;Enexis, Rendo
HGLW;2025;101,66;101,97;58,48726653504777;86,64212220296078;42,0;40,0;4,429;22,308;;;2029,0;2029,0;;;;Enexis
OS ZEEWOLDE 20KV 20-9i;2025;88,0;88,0;74,1;7,9;13,0;20,0;3,382;6,98227;;;;;4,0;2025-01-01;2025-12-31;Liander
OS ZEEWOLDE 20KV 20-8i;2025;88,0;88,0;48,9;9,7;;5,0;;3,62325;;;;;4,0;2025-01-01;2025-12-31;Liander
OS ZEEWOLDE 20KV 20-7i;2025;100,0;100,0;58,6;49,7;35,0;28,0;23,093;26,0833;;;;;4,0;2025-01-01;2025-12-31;Liander
OS ZEEWOLDE 10-1i;2025;42,0;42,0;33,0;29,5;24,0;24,0;5,331;4,56157;;;;;4,0;2025-01-01;2025-12-31;Liander
OS ZALTBOMMEL 20-5i;2025;145,0;93,7;22,5;41,8;40,0;34,0;50,463;36,00641;;;;;4,0;2025-01-01;2025-12-31;Liander
OS ZALTBOMMEL 20-4i;2025;145,0;93,7;63,2;17,7;;9,0;;13,7628;;;;;4,0;2025-01-01;2025-12-31;Liander
OS ZALTBOMMEL 10-2i;2025;58,0;58,0;31,0;34,3;27,0;24,0;7,347;12,2664;;;;;4,0;2025-01-01;2025-12-31;Liander
OS ZALTBOMMEL 10-1i;2025;63,7;63,7;23,1;48,3;49,0;79,0;19,893;32,31017;;;2026,0;2026,0;4,0;2025-01-01;2025-12-31;Liander
OS ZAANDIJK 50-1i;2025;40,0;40,0;7,6;39,0;;10,0;;7,9785;;;2029,0;;4,0;2025-01-01;2025-12-31;Liander
OS ZAANDAM WEST 10-1i;2025;51,3;51,3;20,5;49,4;;77,0;;41,21997;;;2028,0;;4,0;2025-01-01;2025-12-31;Liander
OS ZAANDAM NOORD 50-1i;2025;71,3;44,6;3,0;43,7;;38,0;;7,73203;;;;;4,0;2025-01-01;2025-12-31;Liander
OS WOUDHUIS 10-2i;2025;109,1;72,6;29,6;35,6;18,0;18,0;2,9;3,62013;;;2032,0;;4,0;2025-01-01;2025-12-31;Liander
OS WOUDHUIS 10-1i;2025;109,1;72,6;35,0;31,1;17,0;26,0;5,252;17,44665;;;2032,0;;4,0;2025-01-01;2025-12-31;Liander
OS WORMERVEER 50-1i;2025;39,6;39,6;0,3;33,2;;5,0;;0,54781;;;2027,0;;4,0;2025-01-01;2025-12-31;Liander
OS WINSELINGSEWEG 10-2i;2025;54,6;27,3;23,3;17,8;6,0;6,0;1,053;4,31575;;;;;4,0;2025-01-01;2025-12-31;Liander
OS WINSELINGSEWEG 10-1i;2025;98,1;65,4;7,8;54,2;14,0;41,0;2,124;8,13173;;;;;4,0;2025-01-01;2025-12-31;Liander
OS WESTZAANSTRAAT 10-1i;2025;93,0;68,0;;62,6;;30,0;;7,21441;;;2029,0;;4,0;2025-01-01;2025-12-31;Liander
OS WESTWOUD 10-4i;2025;30,0;30,0;48,6;48,2;27,0;47,0;14,345;21,51644;;;2031,0;2031,0;4,0;2025-01-01;2025-12-31;Liander
OS WESTHAVEN 10-2i;2025;72,0;39,0;14,8;35,9;;;;;;;2026,0;;4,0;2025-01-01;2025-12-31;Liander
OS WESTHAVEN 10-1i;2025;72,0;39,0;;39,8;;25,0;;9,99528;;;2026,0;;4,0;2025-01-01;2025-12-31;Liander
OS WERVERSHOOF 10-1i;2025;104,4;67,8;60,9;50,8;50,0;58,0;23,492;43,3163;;;2031,0;2031,0;4,0;2025-01-01;2025-12-31;Liander
OS WEESP 10-9i;2025;19,8;;7,1;10,9;;;;;;;2032,0;;4,0;2025-01-01;2025-12-31;Liander
OS WEESP 10-2i;2025;;;;;;;;;;;;;4,0;2025-01-01;2025-12-31;Liander
OS WEESP 10-1i;2025;;;;;;;;;;;;;4,0;2025-01-01;2025-12-31;Liander
OS WATERGRAAFSMEER 10-2i;2025;72,8;58,3;;46,1;;13,0;;7,04931;;;;;4,0;2025-01-01;2025-12-31;Liander
OS WATERGRAAFSMEER 10-1i;2025;72,8;58,3;;18,3;;5,0;;13,9636;;;;;4,0;2025-01-01;2025-12-31;Liander
OS WASSENAAR 10-1i;2025;49,1;43,6;9,0;29,7;;5,0;;2,44046;;;;;4,0;2025-01-01;2025-12-31;Liander
OS WARMENHUIZEN 10-1i;2025;36,4;36,4;53,9;36,1;35,0;45,0;16,7;20,83908;;;2032,0;2032,0;4,0;2025-01-01;2025-12-31;Liander
OS WAGENINGEN 10-1i;2025;31,5;31,5;23,7;31,3;10,0;21,0;2,74;4,86665;;;;;4,0;2025-01-01;2025-12-31;Liander
HMO;2025;156,69;179,74;37,65938714164759;73,21980239023681;55,0;59,0;23,598;27,14;;;2025,0;2025,0;;;;Enexis
OS VAASSEN 10-1i;2025;63,0;42,0;39,5;39,4;26,0;32,0;3,465;6,18606;;;;;4,0;2025-01-01;2025-12-31;Liander
OS ULKESLUIS 10-1i;2025;19,8;19,8;27,7;16,5;16,0;25,0;3,371;5,1254;;;2032,0;2032,0;4,0;2025-01-01;2025-12-31;Liander
OS ULFT 20-3i;2025;88,0;44,0;59,1;8,0;8,0;15,0;23,488;18,58322;;;;2028,0;4,0;2025-01-01;2025-12-31;Liander
OS ULFT 10-1i;2025;69,3;69,3;39,7;37,9;23,0;20,0;6,473;3,75968;;;;2028,0;4,0;2025-01-01;2025-12-31;Liander
OS UITHOORN 50-1i;2025;36,4;36,4;17,4;24,9;;12,0;;5,74123;;;2032,0;;4,0;2025-01-01;2025-12-31;Liander
OS UITGEEST 50-1i;2025;39,6;39,6;36,5;50,9;5,0;35,0;0,853;6,36607;;;2034,0;2034,0;4,0;2025-01-01;2025-12-31;Liander
OS UILENBURG 50-1i;2025;44,0;44,0;;33,5;;;;;;;;;4,0;2025-01-01;2025-12-31;Liander
OS TIEL 20-4i;2025;180,6;90,1;53,9;3,8;;;;;;;;;4,0;2025-01-01;2025-12-31;Liander
OS TIEL 10-2i;2025;82,8;37,3;34,4;38,1;34,0;48,0;11,125;21,19698;;;;;4,0;2025-01-01;2025-12-31;Liander
OS TIEL 10-1i;2025;77,3;37,3;45,2;44,5;50,0;59,0;26,511;21,79336;;;2029,0;2029,0;4,0;2025-01-01;2025-12-31;Liander
HTN;2025;167,2;191,29;84,3527939;172,088436125579;106,0;262,0;35,826;65,916;;;2027,0;;;;;Enexis
HRST;2025;93,1;102,41;68,28359430278489;54,48135415003593;98,0;77,0;43,486;58,454;;;2030,0;2030,0;;;;Enexis
HPT;2025;66,9;77,9;178,6188428714874;73,73487615751247;108,0;132,0;32,289;50,192;;;2032,0;2026,0;;;;Enexis
HPS;2025;83,7;91,96;108,5824388;74,68887885781301;82,0;84,0;40,587;42,049;;;;;;;;Enexis
HMZ;2025;109,42;119,96;72,856849645;107,0902762271044;114,0;151,0;33,475;61,149;;;2029,0;2029,0;;;;Enexis
OS WINSELINGSEWEG 10-3i;2025;65,4;32,7;16,3;30,7;8,0;22,0;2,455;8,5448;;;;;4,0;2025-01-01;2025-12-31;Liander
OS SCHENKENSCHANS 10-2i;2025;58,0;29,0;34,2;42,6;37,0;21,0;12,244;8,52664;;;2031,0;;4,0;2025-01-01;2025-12-31;Liander
OS SCHENKENSCHANS 10-1i;2025;66,0;33,0;22,4;24,6;20,0;25,0;11,605;12,21837;;;2031,0;;4,0;2025-01-01;2025-12-31;Liander
OS SCHALKWIJK 10-1i;2025;34,0;34,0;13,0;49,1;;9,0;;1,34873;;;2034,0;;4,0;2025-01-01;2025-12-31;Liander
OS SCHAGEN 10-4i;2025;18,0;18,0;20,6;7,9;;7,0;;4,99055;;;2032,0;2032,0;4,0;2025-01-01;2025-12-31;Liander
OS SCHAGEN 10-2i;2025;18,0;18,0;27,2;18,2;15,0;9,0;4,226;3,1857;;;2032,0;2032,0;4,0;2025-01-01;2025-12-31;Liander
OS SCHAGEN 10-1i;2025;18,0;18,0;28,1;25,7;17,0;32,0;3,643;6,00957;;;2032,0;2032,0;4,0;2025-01-01;2025-12-31;Liander
ISM;2025;43,19;44,58;47,13765472409568;22,82332500487367;25,0;14,0;52,071;21,28;;;;2030,0;;;;Enexis
Hilversum Noorderbegraafplaats 10 kV 1 + 2;2025;39,6;39,6;0,7;34,3;;;;;;;;;4,0;2025-01-01;2025-12-31;Liander
HUSK;2025;55,1;66,12;5,655788830726254;46,59512524386419;24,0;35,0;4,385;8,752;;;2025,0;2025,0;;;;Enexis
HTW;2025;54,42;54,42;42,4724235625;56,68475774481846;31,0;65,0;15,005;43,628;;;2030,0;2030,0;;;;Enexis
OS WAARDERPOLDER 10-2i;2025;91,7;57,3;7,9;52,3;;28,0;;11,95973;;;;;4,0;2025-01-01;2025-12-31;Liander
OS WAARDERPOLDER 10-1i;2025;57,3;57,3;;50,8;;10,0;;2,76376;;;;;4,0;2025-01-01;2025-12-31;Liander
OS VLIEGENBOS 10-1i;2025;40,0;40,0;;38,6;;40,0;;9,36822;;;2027,0;;4,0;2025-01-01;2025-12-31;Liander
OS VIJFHUIZEN 20-3i;2025;132,0;88,0;75,4;125,6;;30,0;;3,4271;;;2032,0;;4,0;2025-01-01;2025-12-31;Liander
OS VENSERWEG 10kV totaal;2025;66,0;66,0;1,7;81,9;;16,0;;4,01117;;;;;4,0;2025-01-01;2025-12-31;Liander
OS VELSEN 10-1i;2025;56,2;36,4;27,2;27,8;7,0;25,0;3,93;6,01541;;;;;4,0;2025-01-01;2025-12-31;Liander
OS PURMEREND KWADIJKERKOOGWEG 50-1i;2025;39,6;39,6;11,2;39,4;7,0;26,0;1,548;3,35474;;;2027,0;;4,0;2025-01-01;2025-12-31;Liander
OS PRESIKHAAF 10-2i;2025;36,4;29,4;16,9;25,8;26,0;40,0;6,859;8,92943;;;2030,0;;4,0;2025-01-01;2025-12-31;Liander
OS PRESIKHAAF 10-1i;2025;51,1;44,1;7,1;29,4;15,0;24,0;3,564;2,51305;;;2029,0;;4,0;2025-01-01;2025-12-31;Liander
OS PLATVOET 10-1i;2025;;;;;5,0;6,0;0,612;0,7987;;;;;4,0;2025-01-01;2025-12-31;Liander
KP;2025;63,76;66,64;33,9312138075;43,86732491172366;36,0;29,0;7,151;12,347;;;2030,0;2030,0;;;;Enexis
KELP;2025;17,58;18,09;23,21494273113293;14,97884963119031;17,0;23,0;2,502;7,264;;;2026,0;2026,0;;;;Enexis
OS TEXEL 10-1i;2025;19,8;19,8;12,6;18,5;18,0;24,0;1,672;12,20894;;;2032,0;2032,0;4,0;2025-01-01;2025-12-31;Liander
OS TEERSDIJK 10-9i;2025;55,0;;48,9;7,0;;;;;;;;;4,0;2025-01-01;2025-12-31;Liander
OS TEERSDIJK 10-2i;2025;65,0;65,0;69,3;54,0;27,0;48,0;8,156;21,95746;;;;2029,0;4,0;2025-01-01;2025-12-31;Liander
OS TEERSDIJK 10-1i;2025;69,0;55,0;47,6;51,7;46,0;52,0;9,869;34,14935;;;2029,0;2030,0;4,0;2025-01-01;2025-12-31;Liander
OS SNEEK 10-1i;2025;57,0;57,0;52,2;60,2;38,0;47,0;7,344;12,97589;;;2036,0;;4,0;2025-01-01;2025-12-31;Liander
OS SLOTERMEER 10-1i;2025;49,5;49,5;;68,1;;30,0;;3,83881;;;2031,0;;4,0;2025-01-01;2025-12-31;Liander
OS SINT ANNAMOLEN 10-1i;2025;44,2;31,5;1,9;32,0;;6,0;;2,64025;;;;;4,0;2025-01-01;2025-12-31;Liander
OS SCHIPLUIDENLAAN 10-1i;2025;59,8;59,8;2,0;68,3;;15,0;;6,14126;;;;;4,0;2025-01-01;2025-12-31;Liander
OS SCHIPHOL OOST 50-1i;2025;79,2;79,2;4,8;92,2;10,0;32,0;4,281;11,83016;;;2034,0;;4,0;2025-01-01;2025-12-31;Liander
OS SCHENKENSCHANS 10-9i;2025;;;;;;;;;;;;;4,0;2025-01-01;2025-12-31;Liander
OS NUNSPEET 10-1i;2025;31,5;31,5;10,8;27,5;8,0;16,0;4,037;7,33597;;;2030,0;;4,0;2025-01-01;2025-12-31;Liander
LIMM;2025;222,11;237,31;43,00573373594814;195,4824339457733;26,0;72,0;9,285;64,969;;;2025,0;;;;;Enexis
KZVZ;2025;41,8;41,8;36,13946561954588;15,64786486706816;15,0;2,0;10,659;0,7;;;2030,0;2025,0;;;;Enexis
KWD;2025;123,49;123,49;50,76817331281092;87,46498546390897;51,0;28,0;55,418;21,752;;;2029,0;2025,0;;;;Enexis
OS SASSENHEIM 10-2i;2025;20,9;20,9;24,1;31,8;;18,0;;5,66265;;;2031,0;;4,0;2025-01-01;2025-12-31;Liander
OS SASSENHEIM 10-1i;2025;58,0;29,0;3,3;10,0;;;;;;;2031,0;;4,0;2025-01-01;2025-12-31;Liander
OS RUIGOORD 10-1i;2025;72,0;41,0;42,6;30,8;;10,0;;10,52145;;;2033,0;;4,0;2025-01-01;2025-12-31;Liander
OS ROZENBURG 10-2i;2025;39,6;39,6;;43,4;;;;;;;;;4,0;2025-01-01;2025-12-31;Liander
OS ROZENBURG 10-1i;2025;39,6;39,6;6,0;25,5;;11,0;;7,09375;;;;;4,0;2025-01-01;2025-12-31;Liander
OS RIJNSBURG 10-1i;2025;55,0;44,0;14,3;33,2;;9,0;;4,3611;;;;;4,0;2025-01-01;2025-12-31;Liander
OS RIJKSUNIVERSITEIT LEIDEN 10-2i;2025;87,6;44,0;;47,3;;9,0;;4,05455;;;2030,0;;4,0;2025-01-01;2025-12-31;Liander
OS RIJKSUNIVERSITEIT LEIDEN 10-1i;2025;65,0;22,0;3,1;23,6;;;;;;;2030,0;;4,0;2025-01-01;2025-12-31;Liander
OS RHIJNSPOOR 10-1i;2025;84,0;62,6;;64,2;;20,0;;4,33553;;;2030,0;;4,0;2025-01-01;2025-12-31;Liander
OS RENKUM 10-1i;2025;54,5;54,5;17,2;47,2;28,0;29,0;8,558;13,27946;;;;;4,0;2025-01-01;2025-12-31;Liander
OS RAUWERD 10-1i;2025;28,0;16,5;16,3;15,3;13,0;4,0;3,315;0,7621;;;;2034,0;4,0;2025-01-01;2025-12-31;Liander
OS PURMEREND SCHAEPMANSTRAAT 50-1i;2025;41,6;41,6;28,1;52,3;7,0;29,0;1,01;8,01741;;;2029,0;;4,0;2025-01-01;2025-12-31;Liander
LS;2025;41,02;41,02;32,79189685639707;18,60457070233355;6,0;9,0;0,643;1,565;;;;2025,0;;;;Enexis
OS PAMPUS 10-1i;2025;106,5;72,0;51,1;63,5;27,0;53,0;5,718;15,24741;;;;;4,0;2025-01-01;2025-12-31;Liander
OS OVERVEEN 10-2i;2025;29,0;29,0;11,8;35,4;;7,0;;1,02062;;;2030,0;;4,0;2025-01-01;2025-12-31;Liander
OS OVERVEEN 10-1i;2025;41,0;41,0;10,3;32,3;;8,0;;0,68058;;;2030,0;;4,0;2025-01-01;2025-12-31;Liander
OS OUDORP 10-2i;2025;18,6;18,6;9,3;19,2;8,0;29,0;0,718;4,25015;;;2033,0;2033,0;4,0;2025-01-01;2025-12-31;Liander
OS OUDORP 10-1i;2025;36,2;36,2;39,1;43,6;14,0;59,0;5,714;24,39455;;;2033,0;2033,0;4,0;2025-01-01;2025-12-31;Liander
OS OUDEHASKE 20-4i;2025;145,0;90,9;6,5;62,6;16,0;35,0;6,922;22,00716;;;2033,0;;4,0;2025-01-01;2025-12-31;Liander
OS OUDEHASKE 10-2i;2025;72,8;37,2;24,1;33,0;12,0;10,0;13,568;2,451;;;2027,0;;4,0;2025-01-01;2025-12-31;Liander
OS OUDEHASKE 10-1i;2025;72,8;43,6;48,3;37,2;19,0;18,0;5,405;5,45589;;;2027,0;;4,0;2025-01-01;2025-12-31;Liander
OS OTERLEEK 10-4i;2025;41,1;22,7;26,5;23,8;23,0;27,0;6,629;5,47448;;;2030,0;2030,0;4,0;2025-01-01;2025-12-31;Liander
OS OTERLEEK 10-2i;2025;41,7;23,3;25,6;23,1;24,0;30,0;10,708;10,93526;;;2030,0;2030,0;4,0;2025-01-01;2025-12-31;Liander
OS OOSTERWOLDE 20-3i;2025;;;;;;;;;;;;;4,0;2025-01-01;2025-12-31;Liander
OS OOSTERWOLDE 10-1i;2025;36,3;36,3;40,1;37,2;31,0;12,0;7,111;3,3959;;;;2033,0;4,0;2025-01-01;2025-12-31;Liander
OS OOSTERHOUT 20-2i;2025;176,0;88,0;80,8;24,3;18,0;13,0;14,886;44,25254;;;;2032,0;4,0;2025-01-01;2025-12-31;Liander
OS OOSTERBEEK 10-1i;2025;54,6;34,0;7,7;23,3;11,0;14,0;3,191;5,04278;;;2029,0;;4,0;2025-01-01;2025-12-31;Liander
OS NUNSPEET 10-2i;2025;29,1;29,1;24,6;32,4;18,0;28,0;14,772;13,19583;;;2030,0;2029,0;4,0;2025-01-01;2025-12-31;Liander
OS NIJKERK 10-2i;2025;58,9;27,8;19,1;28,9;25,0;21,0;5,421;2,41081;;;2030,0;;4,0;2025-01-01;2025-12-31;Liander
OS NIJKERK 10-1i;2025;72,8;36,4;15,1;35,2;20,0;33,0;2,818;5,68618;;;2030,0;;4,0;2025-01-01;2025-12-31;Liander
OS NIEUWKOOP 10-1i;2025;55,0;44,0;34,1;24,6;;7,0;;1,58105;;;;;4,0;2025-01-01;2025-12-31;Liander
OS NIEUWE MEER 10-1i;2025;45,0;36,0;;34,4;;8,0;;7,9836;;;2027,0;;4,0;2025-01-01;2025-12-31;Liander
OS NIEUW VENNEP 50-1i;2025;36,4;36,4;27,0;47,4;;18,0;;7,24252;;;2032,0;;4,0;2025-01-01;2025-12-31;Liander
OS NAARDEN 50-1i;2025;39,6;39,6;15,0;45,7;;15,0;;2,27259;;;2029,0;;4,0;2025-01-01;2025-12-31;Liander
OS MIDDENMEER 20-5i;2025;176,0;88,0;77,9;2,2;;;;;;;;;4,0;2025-01-01;2025-12-31;Liander
OS MIDDENMEER 20-3i;2025;;;;;;;;;;;;;4,0;2025-01-01;2025-12-31;Liander
OS MIDDENMEER 20-2i;2025;176,0;88,0;96,5;14,1;36,0;23,0;16,722;10,72425;;;;;4,0;2025-01-01;2025-12-31;Liander
OS MIDDENMEER 20-1i;2025;176,0;88,0;72,4;4,6;;;;;;;;;4,0;2025-01-01;2025-12-31;Liander
OS MEDEMBLIK 10-2i;2025;19,8;19,8;20,2;16,3;22,0;25,0;6,424;6,30094;;;2031,0;2031,0;4,0;2025-01-01;2025-12-31;Liander
OS MEDEMBLIK 10-1i;2025;19,8;19,8;2,2;7,1;;8,0;;2,03988;;;2031,0;2031,0;4,0;2025-01-01;2025-12-31;Liander
OS MARNIXSTRAAT 10-2i;2025;27,5;22,0;;22,1;;;;;;;;;4,0;2025-01-01;2025-12-31;Liander
OS MARNIXSTRAAT 10-1i;2025;74,2;66,0;;48,5;;11,0;;2,14526;;;;;4,0;2025-01-01;2025-12-31;Liander
Lemmer 10kV;2025;36,0;36,0;38,8;50,1;40,0;36,0;9,168;9,47766;;;;;4,0;2025-01-01;2025-12-31;Liander
LUTT;2025;86,39;88,75;38,64120377445099;71,68128463709283;26,0;62,0;4,96;14,647;;;2026,0;2026,0;;;;Enexis
OS LEIDERDORP 10-1i;2025;27,5;22,0;9,8;23,0;;14,0;;2,77701;;;2030,0;;4,0;2025-01-01;2025-12-31;Liander
OS LEIDEN ZUID WEST 10-1i;2025;39,6;39,6;17,2;41,3;;20,0;;11,20286;;;2030,0;;4,0;2025-01-01;2025-12-31;Liander
OS LEIDEN NOORD 10-1i;2025;70,4;70,4;13,4;78,9;;24,0;;7,39965;;;2035,0;;4,0;2025-01-01;2025-12-31;Liander
OS LEEUWARDEN 10-4i;2025;91,7;57,3;32,2;60,4;27,0;66,0;6,738;16,62843;;;2032,0;;4,0;2025-01-01;2025-12-31;Liander
OS LEEUWARDEN 10-1i;2025;79,2;52,8;60,7;50,2;49,0;34,0;11,64;9,23677;;;;2027,0;4,0;2025-01-01;2025-12-31;Liander
OS KROMMENIE 50-1i;2025;;;;;;28,0;;6,74519;;;;;4,0;2025-01-01;2025-12-31;Liander
OS KATWIJK 10-3i;2025;21,7;21,7;7,3;21,2;;4,0;;0,96266;;;2031,0;;4,0;2025-01-01;2025-12-31;Liander
OS KATWIJK 10-2i;2025;21,7;21,7;1,9;22,5;;;;;;;2031,0;;4,0;2025-01-01;2025-12-31;Liander
MRUM;2025;128,75;129,19;49,61835758454909;75,91171980499179;15,0;19,0;26,822;30,859;;;2025,0;2025,0;;;;Enexis
MP;2025;74,82;79,79;82,86863054224162;71,10456398896507;61,0;75,0;20,451;27,317;;;;;;;;Enexis
MLBK;2025;51,83;51,83;9,577444;51,00360337531852;20,0;28,0;7,264;12,676;;;2025,0;2026,0;;;;Enexis
MEE;2025;344,77;344,77;186,0271004560121;166,5584265741516;14,0;14,0;7,173;43,309;;;2025,0;2025,0;;;;Enexis
MDK;2025;349,87;344,75;148,2394782559871;175,902336583327;76,0;112,0;85,333;142,832;;;2025,0;2025,0;;;;Enexis
MAK;2025;56,43;56,43;0,0;;24,0;47,0;6,283;19,884;;;2025,0;;;;;Enexis
OS NOORDWIJK 10-1i;2025;22,0;22,0;11,7;22,9;;12,0;;2,82294;;;2031,0;;4,0;2025-01-01;2025-12-31;Liander
OS NOORD PAPAVERWEG 10-1i;2025;100,0;67,8;10,8;72,0;;132,0;;28,0858;;;2027,0;;4,0;2025-01-01;2025-12-31;Liander
OS HOORN GELDELOZEWEG 50-1i;2025;40,0;40,0;22,4;41,1;13,0;30,0;3,895;8,35945;;;2031,0;2031,0;4,0;2025-01-01;2025-12-31;Liander
OS HOOGTE KADIJK 10-2i;2025;27,5;22,0;;23,2;;8,0;;0,6599;;;;;4,0;2025-01-01;2025-12-31;Liander
OS HOOGTE KADIJK 10-1i;2025;52,0;52,0;;46,1;;11,0;;1,29154;;;;;4,0;2025-01-01;2025-12-31;Liander
OS HOOFDDORP 10-2i;2025;31,8;18,7;11,9;24,9;;54,0;;12,1383;;;2032,0;;4,0;2025-01-01;2025-12-31;Liander
OS HOOFDDORP 10-1i;2025;31,8;19,8;30,8;21,3;12,0;47,0;13,462;24,24857;;;2032,0;;4,0;2025-01-01;2025-12-31;Liander
OS HILVERSUM RAAFSTRAAT 10-1i;2025;36,4;36,4;8,6;35,0;;13,0;;2,82387;;;2030,0;;4,0;2025-01-01;2025-12-31;Liander
MSKZ;2025;162,58;162,58;79,92704020000001;21,11107063436267;24,0;8,0;53,429;10,188;;;2025,0;2025,0;;;;Enexis
MSBT;2025;86,42;92,84;81,1851542084469;56,07655867404927;56,0;57,0;37,821;12,386;;;2031,0;2025,0;;;;Enexis
OS MARNEZIJL 20-3i;2025;110,0;62,0;38,2;46,5;33,0;32,0;5,649;11,63814;;;;;4,0;2025-01-01;2025-12-31;Liander
OS MARNEZIJL 10-2i;2025;39,0;18,0;23,7;6,8;8,0;10,0;0,81;0,72855;;;;;4,0;2025-01-01;2025-12-31;Liander
OS LOCHEM 10-1i;2025;89,6;43,6;43,3;33,2;20,0;26,0;10,373;19,72299;;;2028,0;;4,0;2025-01-01;2025-12-31;Liander
OS LISSE 10-2i;2025;22,0;22,0;5,4;9,8;;;;;;;2031,0;;4,0;2025-01-01;2025-12-31;Liander
OS LISSE 10-1i;2025;43,6;43,6;13,8;25,2;;5,0;;2,2952;;;2031,0;;4,0;2025-01-01;2025-12-31;Liander
OS LEMMER 20-4i;2025;145,4;88,0;68,6;53,0;22,0;14,0;8,901;20,60951;;;2033,0;2033,0;4,0;2025-01-01;2025-12-31;Liander
OS LELYSTAD 10-1i;2025;66,0;38,0;11,0;21,0;18,0;25,0;14,882;11,23387;;;;;4,0;2025-01-01;2025-12-31;Liander
OS LEIMUIDEN 10-2i;2025;33,5;27,0;23,8;25,9;;15,0;;5,84862;;;2028,0;;4,0;2025-01-01;2025-12-31;Liander
OS HAARLEMMERMEER 20-2i;2025;88,0;88,0;;124,5;;;;;;;2026,0;;4,0;2025-01-01;2025-12-31;Liander
OS HAARLEMMERMEER 10-1i;2025;53,2;47,3;29,5;63,7;;13,0;;4,97275;;;2032,0;;4,0;2025-01-01;2025-12-31;Liander
NVD;2025;43,19;43,19;11,62103475936064;36,85240534559434;20,0;27,0;2,49;5,927;;;2025,0;2030,0;;;;Enexis
NEDW;2025;134,72;136,61;48,12499618364764;46,38781950803815;80,0;72,0;37,661;20,556;;;2025,0;2025,0;;;;Enexis
Medemblik Transformator 1;2025;39,6;;15,9;2,1;;8,0;;2,54573;;;;;4,0;2025-01-01;2025-12-31;Liander
MZ;2025;81,89;86,39;113,8836635426219;46,52149190947819;34,0;80,0;45,044;50,863;;;2028,0;2028,0;;;;Enexis
OS KATTENBERG (D 219) 10-1i;2025;36,4;29,4;3,0;28,5;19,0;25,0;2,536;4,49154;;;2029,0;;4,0;2025-01-01;2025-12-31;Liander
OS KARPERWEG 10-4i;2025;60,0;40,0;;29,5;;9,0;;1,68477;;;;;4,0;2025-01-01;2025-12-31;Liander
OS KARPERWEG 10-3i;2025;60,0;40,0;;26,7;;5,0;;0,32528;;;;;4,0;2025-01-01;2025-12-31;Liander
OS IJPOLDER 10-4i;2025;56,0;32,0;18,5;48,2;;14,0;;28,93595;;;2026,0;;4,0;2025-01-01;2025-12-31;Liander
OS IJMUIDEN 50-1i;2025;48,6;39,6;15,3;35,6;5,0;17,0;1,912;2,78827;;;;;4,0;2025-01-01;2025-12-31;Liander
OS IJBURG 20-2i;2025;110,0;88,0;9,4;26,1;;9,0;;2,64725;;;;;4,0;2025-01-01;2025-12-31;Liander
OS Heiloo 10-1i + 10-2i;2025;;;;;13,0;26,0;3,182;5,03949;;;;;4,0;2025-01-01;2025-12-31;Liander
OS HUIZEN 10-1i;2025;36,2;36,2;18,8;35,8;;17,0;;2,28876;;;2031,0;;4,0;2025-01-01;2025-12-31;Liander
OS HOORN HOLENWEG 10-2i;2025;40,0;20,0;16,4;15,6;;11,0;;5,2863;;;2031,0;2031,0;4,0;2025-01-01;2025-12-31;Liander
OS HOORN HOLENWEG 10-1i;2025;36,0;20,0;18,9;26,7;;24,0;;4,41539;;;2031,0;2031,0;4,0;2025-01-01;2025-12-31;Liander
OL;2025;43,19;43,19;38,5904705;19,40893582988479;8,0;4,0;6,479;1,892;;;2034,0;2025,0;;;;Enexis
ODZ;2025;82,04;84,49;43,8815991;59,31037577797687;34,0;41,0;7,302;9,445;;;2025,0;2025,0;;;;Coteq, Enexis
OS HILVERSUM JONKERWEG 10-1i;2025;36,4;36,4;13,8;36,8;;16,0;;2,28734;;;2032,0;;4,0;2025-01-01;2025-12-31;Liander
OS HILLEGOM 10-1i;2025;22,0;22,0;15,8;25,0;;20,0;;3,97038;;;2031,0;;4,0;2025-01-01;2025-12-31;Liander
OS HERBAYUM 20KV 20-2i;2025;91,0;58,0;60,8;26,9;;;;;;;;;4,0;2025-01-01;2025-12-31;Liander
OS HERBAYUM 20KV 20-1i;2025;73,0;58,0;59,4;36,4;19,0;19,0;3,974;5,9518;;;;2029,0;4,0;2025-01-01;2025-12-31;Liander
OS HERBAYUM 10-2i;2025;57,1;23,1;18,3;24,2;;;;;;;;;4,0;2025-01-01;2025-12-31;Liander
OS HERBAYUM 10-1i;2025;55,0;39,0;48,7;38,2;34,0;26,0;9,151;16,67166;;;2032,0;2032,0;4,0;2025-01-01;2025-12-31;Liander
OS HEMWEG 50-2i;2025;;;;;;297,0;;163,52603;;;;;4,0;2025-01-01;2025-12-31;Liander
OS HEERHUGOWAARD 50-1i;2025;39,6;39,6;32,0;32,9;14,0;28,0;13,087;5,69755;;;2029,0;2029,0;4,0;2025-01-01;2025-12-31;Liander
OS HEERENVEEN 10-1i;2025;82,5;55,0;52,7;46,2;18,0;17,0;6,018;7,85516;;;;;4,0;2025-01-01;2025-12-31;Liander
OS HATTEM 10-1i;2025;88,5;60,0;71,7;46,9;44,0;35,0;11,197;32,1177;;;2028,0;;4,0;2025-01-01;2025-12-31;Liander
OS HARSELAAR 20-3i;2025;90,9;90,9;81,3;66,2;46,0;70,0;20,438;25,47631;;;2029,0;;4,0;2025-01-01;2025-12-31;Liander
OS HARSELAAR 10-1i;2025;69,3;69,3;41,5;52,8;48,0;48,0;10,54;7,99008;;;;;4,0;2025-01-01;2025-12-31;Liander
OS HARDERWIJK 10-2i;2025;96,6;72,6;46,9;76,8;37,0;44,0;7,89;6,47032;;;;;4,0;2025-01-01;2025-12-31;Liander
OS HARDERWIJK 10-1i;2025;72,4;48,4;33,1;53,6;37,0;50,0;8,571;11,3704;;;;;4,0;2025-01-01;2025-12-31;Liander
OS FREDERIKSPLEIN 10-1i;2025;77,0;57,0;;48,9;;9,0;;2,56054;;;;;4,0;2025-01-01;2025-12-31;Liander
OS FRANKENENG 10-1i;2025;29,0;29,0;9,2;29,0;18,0;50,0;6,654;12,24457;;;2029,0;;4,0;2025-01-01;2025-12-31;Liander
OS ENKHUIZEN 10-2i;2025;56,2;19,8;11,9;22,1;;8,0;;7,46515;;;2031,0;2031,0;4,0;2025-01-01;2025-12-31;Liander
OS ENKHUIZEN 10-1i;2025;72,8;36,4;23,0;36,7;7,0;19,0;2,781;11,17841;;;2031,0;2031,0;4,0;2025-01-01;2025-12-31;Liander
OS EMMELOORD 20-5i;2025;145,4;88,0;36,6;54,2;15,0;10,0;4,811;2,46655;;;2031,0;2031,0;4,0;2025-01-01;2025-12-31;Liander
OS EMMELOORD 10-1i;2025;44,0;44,0;37,8;31,1;37,0;37,0;12,248;8,17882;;;2031,0;2031,0;4,0;2025-01-01;2025-12-31;Liander
OS ELST 10-2i;2025;80,0;45,5;13,2;39,5;18,0;27,0;1,51;3,48059;;;;;4,0;2025-01-01;2025-12-31;Liander
OS ELST 10-1i;2025;103,8;69,3;37,5;51,6;26,0;35,0;7,814;6,16999;;;;;4,0;2025-01-01;2025-12-31;Liander
OS EIBERGEN 10-3i;2025;55,0;55,0;37,0;33,0;11,0;8,0;2,834;9,38003;;;;;4,0;2025-01-01;2025-12-31;Liander
OS EERBEEK 10-1i + 10-2i;2025;69,3;69,3;53,3;65,5;30,0;28,0;15,761;6,42276;;;;;4,0;2025-01-01;2025-12-31;Liander
OS EDE 10-2i;2025;91,3;69,3;60,7;85,7;54,0;82,0;12,773;19,40025;;;;;4,0;2025-01-01;2025-12-31;Liander
OS EDE 10-1i;2025;66,0;44,0;18,2;39,4;17,0;21,0;1,715;2,6088;;;;;4,0;2025-01-01;2025-12-31;Liander
OS EDAM 10-2i;2025;41,0;21,4;11,8;25,6;8,0;26,0;1,19;6,26331;;;2027,0;;4,0;2025-01-01;2025-12-31;Liander
OS EDAM 10-1i;2025;38,3;22,3;10,6;21,5;;10,0;;1,62916;;;2030,0;;4,0;2025-01-01;2025-12-31;Liander
OS DUKENBURG 10-1i;2025;36,4;29,4;15,8;36,4;11,0;18,0;3,379;5,0374;;;2031,0;;4,0;2025-01-01;2025-12-31;Liander
OMD;2025;34,42;34,57;48,8040276;32,83329029531827;26,0;31,0;4,903;27,789;;;;2028,0;;;;Enexis
OS ANNA PAULOWNA 10-2i;2025;54,0;36,0;44,1;28,0;34,0;25,0;7,005;3,74127;;;;2030,0;4,0;2025-01-01;2025-12-31;Liander
OS ANGERLO 10-4i;2025;22,0;22,0;7,2;18,9;8,0;22,0;1,826;5,98043;;;;;4,0;2025-01-01;2025-12-31;Liander
OS ANGERLO 10-3i;2025;22,0;22,0;14,6;14,4;;10,0;;1,7658;;;;;4,0;2025-01-01;2025-12-31;Liander
OS AMSTELVEEN BOLWERK 50-1i;2025;56,2;56,2;6,0;56,7;;23,0;;4,12192;;;2032,0;;4,0;2025-01-01;2025-12-31;Liander
OS AMSTELVEEN 50kV + 10kV;2025;;;;;19,0;145,0;10,116;61,64852;;;;;4,0;2025-01-01;2025-12-31;Liander
OS ALPHEN WEST 50-3i;2025;;;;;27,0;117,0;11,706;56,95331;;;;;4,0;2025-01-01;2025-12-31;Liander
OS ALPHEN WEST 10-1i;2025;58,4;36,4;37,5;42,3;8,0;53,0;2,622;15,67024;;;2027,0;;4,0;2025-01-01;2025-12-31;Liander
OS ALPHEN CENTRUM 10-2i;2025;46,8;23,4;9,6;25,4;;15,0;;4,33115;;;2029,0;;4,0;2025-01-01;2025-12-31;Liander
OS ALPHEN CENTRUM 10-1i;2025;93,6;46,8;12,2;23,4;6,0;20,0;6,966;9,38795;;;2029,0;;4,0;2025-01-01;2025-12-31;Liander
OS ALMERE 10-1i;2025;104,0;59,0;34,7;68,9;39,0;36,0;8,801;13,94805;;;2030,0;;4,0;2025-01-01;2025-12-31;Liander
OS ALKMAAR 10-1i;2025;39,6;39,6;15,8;47,9;10,0;24,0;1,001;7,06798;;;2033,0;2029,0;4,0;2025-01-01;2025-12-31;Liander
OS AALSMEER BLOEMENVEILING 10-2i;2025;36,0;36,0;7,2;28,2;;10,0;;11,2967;;;2034,0;;4,0;2025-01-01;2025-12-31;Liander
OS AALSMEER BLOEMENVEILING 10-1i;2025;36,0;36,0;17,4;40,8;5,0;30,0;3,091;21,35712;;;2034,0;;4,0;2025-01-01;2025-12-31;Liander
OS 'S-GRAVELAND 10-1i;2025;47,2;33,0;17,5;18,8;4,0;5,0;42,025;41,48135;;;2029,0;2029,0;4,0;2025-01-01;2025-12-31;Liander
OS;2025;132,43;150,79;72,62991697151;131,5691626367174;51,0;126,0;12,2;37,228;;;2030,0;2030,0;;;;Enexis
OS GORREDIJK 110kV TenneT;2025;;;;;14,0;11,0;2,878;4,19985;;;;;4,0;2025-01-01;2025-12-31;Liander
OS BORCULO 20-3i;2025;171,0;85,0;159,7;85,7;27,0;31,0;16,199;16,40128;;;;2036,0;4,0;2025-01-01;2025-12-31;Liander
OS BIJLMER ZUID 10-4i;2025;32,0;20,0;;10,8;;;;;;;;;4,0;2025-01-01;2025-12-31;Liander
OS BIJLMER ZUID 10-1i;2025;111,0;99,0;;73,2;;24,0;;19,80015;;;;;4,0;2025-01-01;2025-12-31;Liander
OS BIJLMER NOORD 20-4i;2025;145,4;88,0;;71,2;;37,0;;57,32336;;;2030,0;;4,0;2025-01-01;2025-12-31;Liander
OS BEVERWIJK 50-1i;2025;32,7;32,7;23,6;41,9;;15,0;;1,41358;;;2030,0;;4,0;2025-01-01;2025-12-31;Liander
OS BERGUM KOUMARWEI 20-1i;2025;;;17,2;4,9;;;;;;;;;4,0;2025-01-01;2025-12-31;Liander
OS BERGUM CENTRALE 20-4i;2025;;;;;;;;;;;;;4,0;2025-01-01;2025-12-31;Liander
OS BERGUM CENTRALE 10-2i;2025;48,0;48,0;17,3;17,8;19,0;11,0;4,017;3,06675;;;2028,0;2028,0;4,0;2025-01-01;2025-12-31;Liander
OS BERGUM CENTRALE 10-1i;2025;48,0;48,0;30,8;28,8;24,0;18,0;9,586;6,7633;;;2028,0;2028,0;4,0;2025-01-01;2025-12-31;Liander
OS BEMMEL 10-2i;2025;36,4;18,2;17,1;9,3;9,0;16,0;14,935;12,26939;;;;2031,0;4,0;2025-01-01;2025-12-31;Liander
OS BEMMEL 10-1i;2025;36,4;36,4;28,8;27,1;23,0;26,0;5,189;5,03745;;;2026,0;2031,0;4,0;2025-01-01;2025-12-31;Liander
OS BASISWEG 10-2i;2025;41,2;33,0;13,9;10,6;;5,0;;7,16475;;;2031,0;;4,0;2025-01-01;2025-12-31;Liander
OS BASISWEG 10-1i;2025;74,2;66,0;8,3;60,0;;45,0;;21,45356;;;2031,0;;4,0;2025-01-01;2025-12-31;Liander
OS ARNHEM 10-1i;2025;144,0;72,0;20,3;59,2;30,0;54,0;7,09;12,74221;;;;;4,0;2025-01-01;2025-12-31;Liander
OS APELDOORN 10-2i;2025;92,2;63,7;15,8;64,5;19,0;52,0;3,068;12,7903;;;2036,0;;4,0;2025-01-01;2025-12-31;Liander
OS APELDOORN 10-1i;2025;85,8;57,3;9,4;62,9;22,0;34,0;5,338;7,79689;;;;;4,0;2025-01-01;2025-12-31;Liander
TT114_10;2025;;;;;0,0;0,0;0,0;0,0;;;;;;;;Stedin
TT113_10;2025;;;;;0,0;0,0;0,0;0,0;;;;;;;;Stedin
VENR;2025;195,8;203,87;142,3621007;108,483624887778;121,0;141,0;316,634;59,645;;;;2025,0;;;;Enexis
VDM;2025;117,74;118,43;83,63625125904801;56,69454071429062;36,0;10,0;10,678;7,03;;;2025,0;2025,0;;;;Enexis
UD;2025;98,94;111,3;100,893803;105,4866329132352;119,0;135,0;52,497;48,559;;;2030,0;2030,0;;;;Enexis
TZ018_10;2025;;;;;0,0;0,0;0,0;0,0;;;;;;;;Stedin
TZ001_23;2025;;;;;0,0;0,0;0,0;0,0;;;;;;;;Stedin
VLH;2025;33,66;34,0;20,54255304928778;20,68896062142508;3,0;5,0;0,144;10,605;;;2025,0;2025,0;;;;Enexis
VH;2025;68,5;72,3;59,47251812817335;46,12435582949728;46,0;41,0;19,454;15,933;;;;2025,0;;;;Enexis
BL;2025;172,77;172,77;57,56791879999999;49,04496896545798;36,0;21,0;5,958;13,078;;;2025,0;2025,0;;;;Enexis
BGMR;2025;82,45;94,05;40,48263971947219;57,19364573483812;57,0;29,0;21,192;11,862;;;2029,0;2025,0;;;;Enexis
BELF;2025;79,8;86,39;55,87233195807175;38,58256792833037;20,0;30,0;4,939;12,507;;;2030,0;2025,0;;;;Enexis
WDT;2025;83,6;91,91;67,11658483280203;55,27220093785861;17,0;61,0;3,94;25,085;;;2027,0;2027,0;;;;Enexis
VVL10;2025;191,58;191,58;258,3914094820481;174,1949837994437;38,0;55,0;17,223;47,497;;;;2029,0;;;;Enexis
VO;2025;23,94;23,94;27,6561892025;20,24069569103601;22,0;15,0;9,866;29,831;;;2031,0;2031,0;;;;Enexis
VLH DE VOORST 61 10-1i;2025;;;;;47,0;51,0;15,563;13,19398;;;;;4,0;2025-01-01;2025-12-31;Liander
OS DRACHTEN 10-1i;2025;90,0;45,0;68,2;63,1;25,0;26,0;10,079;15,24222;;;2034,0;2034,0;4,0;2025-01-01;2025-12-31;Liander
OS DRACHTEN 10-2i;2025;50,0;50,0;27,7;34,7;18,0;26,0;3,74;6,66274;;;2034,0;;4,0;2025-01-01;2025-12-31;Liander
OS DRONTEN 10-1i;2025;117,0;72,0;57,6;67,9;65,0;62,0;14,269;8,07505;;;;;4,0;2025-01-01;2025-12-31;Liander
OS DRONTEN 20KV 20-1i;2025;55,0;;50,3;2,0;;;;;;;;;4,0;2025-01-01;2025-12-31;Liander
OS DRONTEN 20KV 20-2i;2025;176,0;88,0;72,4;5,8;;;;;;;;;4,0;2025-01-01;2025-12-31;Liander
OS DRUTEN 10-1i;2025;88,0;44,0;71,9;37,6;35,0;34,0;21,63;6,06608;;;;2026,0;4,0;2025-01-01;2025-12-31;Liander
AMLU;2025;62,43;65,55;30,80230878037872;47,52585173564442;36,0;18,0;36,1;18,395;;;2028,0;2028,0;;;;Coteq, Enexis
ARI;2025;98,51;108,77;92,33444242438809;67,81180019933778;57,0;79,0;16,417;17,499;;;2028,0;2025,0;;;;Enexis
ZLW;2025;84,99;88,19;36,9971681;70,61333371596383;49,0;62,0;18,265;28,006;;;2031,0;2031,0;;;;Enexis
ZS;2025;62,13;65,48;26,43636801680631;44,76928268572487;37,0;16,0;18,313;4,38;;;2029,0;2025,0;;;;Enexis
118065277_23;2025;;;;;0,0;0,0;0,0;0,0;;;;;;;;Stedin
